ASV_sequence	Feature_ID	Taxon	Genus_or_Family
ATTGAACGCTGGCGGCATGCTTTACACATGCAAGTCGAACGGCAGCGAAGAGAAGCTTGCTTCTCTGTCGGCGAGTGGCGAACGGGTGAGTATAGCATCGGAACGTGCCAAGTAGTGGGGGATAACCAAACGAAAGTTTGGCTAATACCG	ASV_1caf96766a3b	d__Bacteria; p__Proteobacteria; c__Gammaproteobacteria	Unclassified
GACGAACGCTGGCGGCGTGCTTAACACATGCAAGTCGAACGGAAAGGCCCTGCTTGCAGGGTACTCGAGTGGCGAACGGGTGAGTAACACGTGGGTGATCTGCCCTGCACTTCGGGATAAGCTTGGGAAACTGGGTCTAATACCGGATAG	ASV_2e20f0d24433	d__Bacteria; p__Actinobacteriota; c__Actinomycetia; o__Mycobacteriales; f__Mycobacteriaceae; g__Corynebacterium	g__Corynebacterium
GACGAACGCTGGCGGCGTGCCTAATACATGCAAGTAGAACGCTGAAGGAGGAGCTTGCTTCTCCGGATGAGTTGCGAACGGGTGAGTAACGCGTAGGTAACCTGCCTGGTAGCGGGGGATAACTATTGGAAACGATAGCTAATACCGCAT	ASV_44dcca73bfcf	d__Bacteria; p__Firmicutes_D; c__Bacilli; o__Lactobacillales; f__Streptococcaceae; g__Streptococcus	g__Streptococcus
GACGAACGCTGGCGGCGTGCCTAATACATGCAAGTCGAGCGAAGTTTTTCTGGTGCTTGCACTAGAAAAACTTAGCGGCGAACGGGTGAGTAACACGTAAAGAACCTGCCTCATAGACTGGGACAACTATTGGAAACGATAGCTAATACC	ASV_8ba6dd8ba006	d__Bacteria; p__Firmicutes_D; c__Bacilli; o__Staphylococcales; f__Gemellaceae; g__Gemella	g__Gemella
GACGAACGCTGGCGGCGTGCTTAACACATGCAAGTCGAACGGAAAGGCTCCAGCTTGCTGGAGTACTCGAGTGGCGAACGGGTGAGTAACACGTGGGTAATCTGCCCTGCACTCTGGGATAAGCCTGGGAAACTGGGTCTAATACTGGAT	ASV_a91b41cd8243	d__Bacteria; p__Actinobacteriota; c__Actinomycetia; o__Mycobacteriales; f__Mycobacteriaceae; g__Lawsonella; s__	g__Lawsonella
GACGAACGCTGGCGGCGTGCCTAATACATGCAAGTAGAACGCTGAAGAGAGGAGCTTGCTCTTCTTGAATGAGTTGCGAACGGGTGAGTAACGCGTAGGTAACCTGCCTTGTAGCGGGGGATAACTATTGGAAACGATAGCTAATACCGC	ASV_2da198fa438c	d__Bacteria; p__Firmicutes_D; c__Bacilli; o__Lactobacillales; f__Streptococcaceae; g__Streptococcus; s__Streptococcus vestibularis	g__Streptococcus
GATGAACGCTAGCTACAGGCTTAACACATGCAAGTCGAGGGGCAGCATGGAAGAAGCTTGCTTCTTCTGATGGCGACCGGCGCACGGGTGCGTAACGCGTATCAAACCTGCCTCATACTCGGGGATAGCCTTGCGAAAGTAAGATTAATA	ASV_944e70c67de4	d__Bacteria; p__Bacteroidota; c__Bacteroidia; o__Bacteroidales; f__Bacteroidaceae; g__Alloprevotella; s__Alloprevotella sp900095835	g__Alloprevotella
GATGAACGCTGGCGGCGTGCCTAATACATGCAAGTCGAGCGAACAGACGAGGAGCTTGCTCCTCTGATGTTAGCGGCGGACGGGTGAGTAACACGTGGATAACCTACCTATAAGACTGGGATAACTTCGGGAAACCGGAGCTAATACCGG	ASV_83039d649066	d__Bacteria; p__Firmicutes_D; c__Bacilli; o__Staphylococcales; f__Staphylococcaceae; g__Staphylococcus	g__Staphylococcus
ATTGAACGCTGGCGGCAGGCTTAACACATGCAAGTCGAACGGTAACATAAAGAAGCTTGCTTCTTTGATGACGAGTGGCGGACGGGTGAGTAATGCTTGGGAATCTAGCTTATGGAGGGGGATAACTACGGGAAACTGTAGCTAATACCG	ASV_bd1a372f48e5	d__Bacteria; p__Proteobacteria; c__Gammaproteobacteria; o__Enterobacterales_A_737866; f__Pasteurellaceae; g__Haemophilus_D_735815	g__Haemophilus_D_735815
GACGAACGCTGGCGGCGTGCCTAATACATGCAAGTAGAACGCTGAAGAGAGGAGCTTGCTCTTCTTGGATGAGTTGCGAACGGGTGAGTAACGCGTAGGTAACCTGCCTGGTAGCGGGGGATAACTATTGGAAACGATAGCTAATACCGC	ASV_4bdaf6903dad	d__Bacteria; p__Firmicutes_D; c__Bacilli; o__Lactobacillales; f__Streptococcaceae; g__Streptococcus	g__Streptococcus
GATGAACGCTGGCGGCATGCTTAACACATGCAAGTCGGACGGGAAGTGGTGTTTCCAGTGGCGGACGGGTGAGTAACGCGTAAGAACCTGCCCTTGGGAGGGGAACAACAGCTGGAAACGGCTGCTAATACCCCGTAGGCTGAGGAGCAA	ASV_e9baf9fb6952	d__Bacteria; p__Bacteroidota; c__Bacteroidia; o__Bacteroidales; f__Marinilabiliaceae; g__JC017; s__JC017 sp004296775	g__JC017
GATGAACGCTAGCGATAGGCTTAACACATGCAAGTCGAGGGGCAGCATGGTCTTAGCTTGCTAAGACTGATGGCGACCGGCGCACGGGTGCGTAACGCGTATGCAACTTGCCTCACAGAGGGGGATAACCCGTCGAAAGACGGACTAATA	ASV_e07ca435fd1f	d__Bacteria; p__Bacteroidota; c__Bacteroidia; o__Bacteroidales; f__Porphyromonadaceae; g__Porphyromonas_A_859423	g__Porphyromonas_A_859423
GATGAACGCTGGCGGCGTGCCTAATACATGCAAGTCGAGCGAACAGATGAGGAGCTTGCTCCTCTGACGTTAGCGGCGGACGGGTGAGTAACACGTGGATAACCTACCTATAAGACTGGGATAACTTCGGGAAACCGGAGCTAATACCGG	ASV_44c46f4dbc9d	d__Bacteria; p__Firmicutes_D; c__Bacilli; o__Staphylococcales; f__Staphylococcaceae; g__Staphylococcus	g__Staphylococcus
GATGAACGCTGGCGGCGTGCTTAACACATGCAAGTCGAACGCTGAAGCCTGGTGCTTGCACTGGGTGGATGAGTGGCGAACGGGTGAGTAACACGTGAGTAACCTGCCCTTGACTTCGGGATAAGCCCGGGAAACTGGGTCTAATACTGG	ASV_56eb23103f6b	d__Bacteria; p__Actinobacteriota; c__Actinomycetia; o__Actinomycetales; f__Micrococcaceae; g__Pseudoglutamicibacter	g__Pseudoglutamicibacter
GACGAACGCTGGCGGCGTGCCTAATACATGCAAGTAGAACGCTGAAGCTTGGTGCTTGCACCGAGCGGATGAGTTGCGAACGGGTGAGTAACGCGTAGGTAACCTGCCTGGTAGCGGGGGATAACTATTGGAAACGATAGCTAATACCGC	ASV_3f328365333c	d__Bacteria; p__Firmicutes_D; c__Bacilli; o__Lactobacillales; f__Streptococcaceae; g__Streptococcus	g__Streptococcus
GATGAACGCTGGCGGCGTGCTTAACACATGCAAGTCGAACGGAAAGGCCCAAGCTTGCTTGGGTACTCGAGTGGCGAACGGGTGAGTAACACGTGGGTGATCTGCCCTGCACTTCGGGATAAGCCTGGGAAACTGGGTCTAATACCGGAT	ASV_7945c40fddd7	d__Bacteria; p__Actinobacteriota; c__Actinomycetia; o__Mycobacteriales; f__Mycobacteriaceae; g__Corynebacterium	g__Corynebacterium
GACGAACGCTGGCGGCACGCTTAACACATGCAAGTCGAACGAGGTCCATCCACTCGCAAGAGTGGTGAAGACCTAGTGGCGAACGGGTGAGTAACACGTGAGAAACCTGCCCCGAAGACCGGGATAACTCACCGAAAGGTGAGCTAATAC	ASV_dd75e79ae2f2	d__Bacteria; p__Actinobacteriota	Unclassified
GACGAACGCTGGCGGCGTGCCTAATACATGCAAGTAGAACGCTGAAGGAGGAGCTTGCTCTTCTGGATGAGTTGCGAACGGGTGAGTAACGCGTAGGTAACCTGCCTGGTAGTGGGGGATAACTATTGGAAACGATAGCTAATACCGCAT	ASV_bd124da427b3	d__Bacteria; p__Firmicutes_D; c__Bacilli; o__Lactobacillales; f__Streptococcaceae; g__Streptococcus	g__Streptococcus
GATGAACGCTGGCGGCGTGCCTAATACATGCAAGTCGAGCGAACAGACGAGGAGCTTGCTCCTTTGACGTTAGCGGCGGACGGGTGAGTAACACGTGGGTAACCTACCTATAAGACTGGGATAACTTCGGGAAACCGGAGCTAATACCGG	ASV_4ecc611aa491	d__Bacteria; p__Firmicutes_D; c__Bacilli; o__Staphylococcales; f__Staphylococcaceae; g__Staphylococcus	g__Staphylococcus
GACGAACGCTGGCGGCGTGCTTAACACATGCAAGTCGAACGGAAAGGCCCTGCTTTTGTGGGGTGCTCGAGTGGCGAACGGGTGAGTAACACGTGAGTAACCTGCCCTTGACTTTGGGATAACTTCAGGAAACTGGGGCTAATACCGGAT	ASV_f416513029b8	d__Bacteria; p__Actinobacteriota; c__Actinomycetia; o__Propionibacteriales; f__Propionibacteriaceae; g__Cutibacterium; s__Cutibacterium acnes	g__Cutibacterium
GATGAACGCTGGCGGCGTGCCTAATACATGCAAGTCGAGCGAACAGACGAGGAGCTTGCTCCTCTGACGTTAGCGGCGGACGGGTGAGTAACACGTGGATAACCTACCTATAAGACTGGGATAACTTCGGGAAACCGGAGCTAATACCGG	ASV_886248f4b334	d__Bacteria; p__Firmicutes_D; c__Bacilli; o__Staphylococcales; f__Staphylococcaceae; g__Staphylococcus	g__Staphylococcus
GACGAACGCTGGCGGCGTGCCTAATACATGCAAGTCGAGCGAGTCTGCCTTGAAGATCGGAGTGCTTGCACTCTGTGAAACAAGATACAGGCTAGCGGCGGACGGGTGAGTAACACGTGGGTAACCTGCCCAAGAGATCGGGATAACACC	ASV_dba247b5ba77	d__Bacteria; p__Firmicutes_D; c__Bacilli; o__Lactobacillales; f__Lactobacillaceae; g__Lactobacillus; s__Lactobacillus iners	g__Lactobacillus
ATTGAACGCTGGCGGCAGGCCTAACACATGCAAGTCGAGCGGTAACAGAAAGTAGCTTGCTACTTTGCTGACGAGCGGCGGACGGGTGAGTAATGCTTGGGAACATGCCTTGAGGTGGGGGACAACAGTTGGAAACGACTGCTAATACCG	ASV_cb49d0e6d36c	d__Bacteria; p__Proteobacteria; c__Gammaproteobacteria; o__Enterobacterales_A_737866; f__Alteromonadaceae_665222; g__Pseudoalteromonas	g__Pseudoalteromonas
ATTGAACGCTGGCGGCATGCTTTACACATGCAAGTCGGACGGCAGCACAGAGAAGCTTGCTTCTTGGGTGGCGAGTGGCGAACGGGTGAGTAATATATCGGAACGTACCGAGTAATGGGGGATAACTAATCGAAAGATTAGCTAATACCG	ASV_5a5afe05a462	d__Bacteria; p__Proteobacteria; c__Gammaproteobacteria; o__Burkholderiales_597441; f__Neisseriaceae_563222; g__Neisseria_563205; s__Neisseria perflava	g__Neisseria_563205
GATGAACGCTAGCGATAGGCTTAACACATGCAAGTCGAGGGGCAGCATTATTTTAGCTTGCTAAGATAGATGGCGACCGGCGCACGGGTGCGTAACGCGTATGCAACCTGCCTGTAATTAGGGAATAACCCGGTGAAAGTCGGACTAATA	ASV_a6dfd5fabe73	d__Bacteria; p__Bacteroidota; c__Bacteroidia; o__Bacteroidales; f__Porphyromonadaceae; g__Porphyromonas_A_859424; s__Porphyromonas_A_859424 endodontalis	g__Porphyromonas_A_859424
GACGAACGCTGGCGGCGTGCTTAACACATGCAAGTCGAACGAAGAGCGACGGAAGCTTGCTTCTATCAATCTTAGTGGCGAACGGGTGAGTAACGCGTAATCAACCTGCCCTTCAGAGGGGGACAACAGTTGGAAACGACTGCTAATACC	ASV_367121152bea	d__Bacteria; p__Firmicutes_C; c__Negativicutes; o__Veillonellales; f__Veillonellaceae; g__Veillonella_A	g__Veillonella_A
GACGAACGCTGGCGGCGTGCCTAATACATGCAAGTCGAACGAGAGCGACCGGTGCTTGCACTGGTCAATCTAGTGGCGAACGGGTGAGTAACACGTGGGTAACCTGCCCATCAGAGGGGGATAACATTCGGAAACGGATGCTAAAACCGC	ASV_9d628f8d6cc2	d__Bacteria; p__Firmicutes_D; c__Bacilli; o__Lactobacillales; f__Aerococcaceae; g__Granulicatella	g__Granulicatella
GACGAACGCTGGCGGCGTGCCTAATACATGCAAGTAGAACGCTGAAGGAGGAGCTTGCTTCTCTGGATGAGTTGCGAACGGGTGAGTAACGCGTAGGTAACCTGCCTGGTAGCGGGGGATAACTATTGGAAACGATAGCTAATACCGCAT	ASV_90682d25ce34	d__Bacteria; p__Firmicutes_D; c__Bacilli; o__Lactobacillales; f__Streptococcaceae; g__Streptococcus	g__Streptococcus
GACGAACGCTGGCGGCGTGCTTAACACATGCAAGTCGAACGGAAAGGCCCTGCTTTTGTGGGGTGCTCGAGTGGCGAACGGGTGAGTAACACGTGAGTAACCTGCCCCTGACTTTGGGATAACTTCAGGAAACTGGGGCTAATACCGGAT	ASV_3a6d123dbdfc	d__Bacteria; p__Actinobacteriota; c__Actinomycetia; o__Propionibacteriales; f__Propionibacteriaceae; g__Cutibacterium; s__Cutibacterium acnes	g__Cutibacterium
GACGAACGCTGGCGGCGTGCTTAACACATGCAAGTCGAACGGACAGACAGAGAGCTTGCTCTCTTGAAGTTAGTGGCGAACGGGTGAGTAACGCGTAATCAACCTGCCCTTCAGAGGGGGATAACAACGGGAAACCGTTGCTAATACCGC	ASV_7c1a27cf8262	d__Bacteria; p__Firmicutes_C; c__Negativicutes; o__Veillonellales; f__Veillonellaceae; g__F0422; s__F0422 sp001553345	g__F0422
GATGAACGCTGGCGGCGTGCCTAATACATGCAAGTAGAACGCTGAAGCTTGGTGCTTGCACCGAGCGGATGAGTTGCGAACGGGTGAGTAACGCGTAGGTAACCTGCCTCTTAGCGGGGGATAACTATTGGAAACGATAGCTAATACCGC	ASV_abe7cc99a1c8	d__Bacteria; p__Firmicutes_D; c__Bacilli; o__Lactobacillales; f__Streptococcaceae; g__Streptococcus; s__Streptococcus parasanguinis	g__Streptococcus
GATGAACGCTGGCGGCGTGCCTAATACATGCAAGTCGAGCGAACAGACGAGGAGCTTGCTCCTCTGACGTTAGCGGTGGACGGGTGAGTAACACGTGGATAACCTACCTATAAGACTGGGATAACTTCGGGAAACCGGAGCTAATACCGG	ASV_ea29b78f5776	d__Bacteria; p__Firmicutes_D; c__Bacilli; o__Staphylococcales; f__Staphylococcaceae; g__Staphylococcus	g__Staphylococcus
GACGAACGCTGGCGGCGTGCTTAACACATGCAAGTCGAACGGAAAGGCCAGTGCTTGCACTGGTACTCGAGTGGCGAACGGGTGAGTAACACGTGGGTGATCTGCCTTGCACTCTGGGATAAGCTTGGGAAACTGGGTCTAATACCGGAT	ASV_e09647853a02	d__Bacteria; p__Actinobacteriota; c__Actinomycetia; o__Mycobacteriales; f__Mycobacteriaceae; g__Corynebacterium	g__Corynebacterium
GACGAACGCTGGCGGCGCGCCTAACACATGCAAGTCGAACGAGCGAGAGAGAGCTTGCTTTCTCGAGCGAGTGGCGAACGGGTGAGTAACGCGTGAGGAACCTGCCTCAAAGAGGGGGACAACAGTTGGAAACGACTGCTAATACCGCAT	ASV_ad12b1402bd1	d__Bacteria; p__Firmicutes_A; c__Clostridia_258483; o__Oscillospirales; f__Ruminococcaceae; g__Faecalibacterium; s__Faecalibacterium prausnitzii_C_71358	g__Faecalibacterium
GACGAACGCTGGCGGCGTGCCTAATACATGCAAGTAGAACGCTGAAGAGAGGAGCTTGCTCTTCTTGGATGAGTTGCGAACGGGTGAGTAACGCGTAGGTAACCTGCCTTGTAGCGGGGGATAACTATTGGAAACGATAGCTAATACCGC	ASV_51997b86fb5f	d__Bacteria; p__Firmicutes_D; c__Bacilli; o__Lactobacillales; f__Streptococcaceae; g__Streptococcus	g__Streptococcus
AGCGAACGCTGGCGGCAGGCTTAACACATGCAAGTCGAGCGGGCGTAGCAATACGTCAGCGGCAGACGGGTGAGTAACGCGTGGGAACGTACCTTTTGGTTCGGAACAACACAGGGAAACTTGTGCTAATACCGGATAAGCCCTTACGGG	ASV_2c2e794288a1	d__Bacteria; p__Proteobacteria; c__Alphaproteobacteria; o__Rhizobiales_A_504705; f__Xanthobacteraceae_503485; g__Bradyrhizobium	g__Bradyrhizobium
ATTGAACGCTGGCGGCATGCTTTACACATGCAAGTCGGACGGCAGCACAGAGAAGCTTGCTTCTTGGGTGGCGAGTGGCGAACGGGTGAGTAACATATCGGAACGTACCGAGTAATGGGGGATAACTAATCGAAAGATTAGCTAATACCG	ASV_4e6f197e5ae5	d__Bacteria; p__Proteobacteria; c__Gammaproteobacteria; o__Burkholderiales_597441; f__Neisseriaceae_563222; g__Neisseria_563205	g__Neisseria_563205
GACGAACGCTGGCGGCGTGCTTAACACATGCAAGTCGAACGGAAAGGCTCCTTGCTTGCAAGGGGTACTCGAGTGGCGAACGGGTGAGTAACACGTGGGTGATCTGCCTTGCACTTCGGGATAAGCCTGGGAAACTGGGTCTAATACCGG	ASV_779edb752ed7	d__Bacteria; p__Actinobacteriota; c__Actinomycetia; o__Mycobacteriales; f__Mycobacteriaceae; g__Corynebacterium; s__Corynebacterium jeikeium	g__Corynebacterium
GACGAACGCTGGCGGCGTGCTTAACACATGCAAGTCGAACGGTGAAGCTCCAGCTTGCTGGAGTGGATCAGTGGCGAACGGGTGAGTAACACGTGAGCAACCTGCCCCTGACTCTGGAATAAGCGCTGGAAACGGCGTCTAATACTGGAT	ASV_6f521915251c	d__Bacteria; p__Actinobacteriota; c__Actinomycetia; o__Actinomycetales; f__Dermatophilaceae_390796; g__Janibacter_A_390549	g__Janibacter_A_390549
GATGAACGCTGGCGGCGTGCCTAATACATGCAAGTCGAGCGAACAGACGAGGAGCTTGCTCCTTTGACGTTAGCGGCGGACGGGTGAGTAACACGTGGATAACCTACCTATAAGACTGGGATAACTTCGGGAAACCGGAGCTAATACCGG	ASV_fbd42ca23eb1	d__Bacteria; p__Firmicutes_D; c__Bacilli; o__Staphylococcales; f__Staphylococcaceae; g__Staphylococcus	g__Staphylococcus
GACGAACGCTGGCGGCGTGCTTAACACATGCAAGTCGAACGGTAAGGCCCCAGCTTGCTGGGGTACACGAGTGGCGAACGGGTGAGTAACACGTGGGTGACCTGCCCCGCACTTCGGGATAAGCCTGGGAAACTGGGTCTAATACCGGAT	ASV_b030808cb754	d__Bacteria; p__Actinobacteriota; c__Actinomycetia; o__Mycobacteriales; f__Mycobacteriaceae; g__Corynebacterium; s__Corynebacterium xerosis	g__Corynebacterium
GATGAACGCTAGCTACAGGCTTAACACATGCAAGTCGAGGGGCAGCATGTTGGTTGCTTGCAACCAATGATGGCGACCGGCGCACGGGTGAGTAACGCGTATCCAACCTACCCAATACTCAGGCATAACCCGTTGAAAGACGGACTAATT	ASV_fe7c281c7308	d__Bacteria; p__Bacteroidota; c__Bacteroidia; o__Bacteroidales; f__Bacteroidaceae; g__Prevotella; s__Prevotella nanceiensis	g__Prevotella
GACGAACGCTGGCGGCGTGCCTAATACATGCAAGTCGAACGAACGGATAAAGAGCTTGCTCTTTTGAAGTTAGTGGCGGACGGGTGAGTAACACGTGGGTAACCTGCCTCACAGCTGGGGATAACATCGAGAAATCGATGCTAATACCGA	ASV_5eb2fd72f81d	d__Bacteria; p__Firmicutes_D; c__Bacilli; o__Lactobacillales; f__Listeriaceae; g__Brochothrix; s__Brochothrix thermosphacta	g__Brochothrix
GACGAACGCTGGCGGCGTGCTTAACACATGCAAGTCGAACGATGATGCCCTGCTTGCAGGGTGGATTAGTGGCGAACGGGTGAGTAACACGTGGGTGATCTGCCTCGTACTTCGGGATAAGCCTGGGAAACTGGGTCTAATACCGGATAG	ASV_22df2a67a8a9	d__Bacteria; p__Actinobacteriota; c__Actinomycetia; o__Mycobacteriales; f__Mycobacteriaceae; g__Corynebacterium	g__Corynebacterium
GACGAACGCTGGCGGCGTGCTTAACACATGCAAGTCGAGCGGAAAGGCCCTTTCGGGGGTACTCGAGCGGCGAACGGGTGAGTAACACGTGAGTAATCTGCCCTTGGCTTCGGGATAGCCACCGGAAACGGTGATTAATACCGGATACGA	ASV_cc1f6466a29d	d__Bacteria; p__Actinobacteriota; c__Actinomycetia; o__Propionibacteriales; f__Nocardioidaceae; g__Nocardioides_A_392796	g__Nocardioides_A_392796
GATGAACGCTGGCGGCGTGCTTAACACATGCAAGTCGAACGATGAAGCCCAGCTTGCTGGGTGGATTAGTGGCGAACGGGTGAGTAACACGTGAGTAACCTGCCCTTAACTCTGGGATAAGCCTGGGAAACTGGGTCTAATACCGGATAG	ASV_0fd0893340be	d__Bacteria; p__Actinobacteriota; c__Actinomycetia; o__Actinomycetales; f__Micrococcaceae; g__Micrococcus	g__Micrococcus
GACGAACGCTGGCGGCGTGCCTAATACATGCAAGTCGAGCGAGCGGAACTAACAGATTTACTTCGGTAATGACGTTAGGAAAGCGAGCGGCGGATGGGTGAGTAACACGTGGGGAACCTGCCCCATAGTCTGGGATACCACTTGGAAACA	ASV_fcbc3003b008	d__Bacteria; p__Firmicutes_D; c__Bacilli; o__Lactobacillales; f__Lactobacillaceae; g__Lactobacillus; s__Lactobacillus crispatus	g__Lactobacillus
GACGAACGCTGGCGGCGTGCTTAACACATGCAAGTCGAACGCTGAAGCTTGGTGCTTGCACTGGGTGGATGAGTGGCGAACGGGTGAGTATCACGTGAGTAACCTGCCCCTGACTTCGGGATAAGCCTGGGAAACTGGGTCTAATACCGG	ASV_e40a8ea461d7	d__Bacteria; p__Actinobacteriota; c__Actinomycetia; o__Actinomycetales; f__Brevibacteriaceae; g__Brevibacterium; s__Brevibacterium ravenspurgense	g__Brevibacterium
GACGAACGCTGGCGGCGTGCTTAACACATGCAAGTCGAACGGTAAGGCTCCAGCTTGCTGGGGTACACGAGTGGCGAACGGGTGAGTAACACGTGGGTGACCTGCCCTGCACTTCGGGATAAGCCTGGGAAACTGGGTCTAATACCGGAT	ASV_8947a8e7636b	d__Bacteria; p__Actinobacteriota; c__Actinomycetia; o__Mycobacteriales; f__Mycobacteriaceae; g__Corynebacterium; s__Corynebacterium amycolatum_A	g__Corynebacterium
AGCGAACGCTGGCGGCAGGCCTAACACATGCAAGTCGAACGGATCCTTCGGGATTAGTGGCGGACGGGTGAGTAACACGTGGGAACGTGCCCTTTGGTTCGGAACAACTCAGGGAAACTTGAGCTAATACCGGATGTGCCCTTCGGGGGA	ASV_0e8e27cbd233	d__Bacteria; p__Proteobacteria; c__Alphaproteobacteria; o__Caulobacterales; f__Caulobacteraceae; g__Caulobacter_487784	g__Caulobacter_487784
GATGAACGCTAGCTACAGGCTTAACACATGCAAGTCGAGGGGAAACGGCATTGAGTGCTTGCACTCTTTGGACGTCGACCGGCGCACGGGTGAGTAACGCGTATCCAACCTTCCCATTACTGTGGGATAACCTGCCGAAAGGCAGACTAA	ASV_200955d8cc7b	d__Bacteria; p__Bacteroidota; c__Bacteroidia; o__Bacteroidales; f__Bacteroidaceae; g__Prevotella; s__Prevotella melaninogenica	g__Prevotella
AGCGAACGCTGGCGGCAGGCCTAACACATGCAAGTCGAACGAACCTTTCGGGGTTAGTGGCGGACGGGTGAGTAACACGTGGGAACGTGCCTTTAGGTTCGGAATAACTCAGGGAAACTTGTGCTAATACCGAATGTGCCCTTCGGGGGA	ASV_025461b3bf4e	d__Bacteria; p__Proteobacteria; c__Alphaproteobacteria; o__Caulobacterales; f__Caulobacteraceae; g__Brevundimonas	g__Brevundimonas
GACGAACGCTGGCGGCGTGCTTAACACATGCAAGTCGAACGGAAAGGCCCTGCTTGCAGGGTGCTCGAGTGGCGAACGGGTGAGTAACACGTGGGTGATCTGCCCCTTACTTTGGGATAAGCCTGGGAAACTGGGTCTAATACTGGATAG	ASV_ecbeb250730a	d__Bacteria; p__Actinobacteriota; c__Actinomycetia; o__Mycobacteriales; f__Mycobacteriaceae; g__Corynebacterium; s__Corynebacterium kroppenstedtii	g__Corynebacterium
GACGAACGCTGGCGGCGTGCTTAACACATGCAAGTCGAACGGAAAGGCCCTGCTTGCGGGGTACTCGAGTGGCGAACGGGTGAGTAACACGTGGGTGATCTGCCCTGCACTTCGGGATAAGCTTGGGAAACTGGGTCTAATACCGGATAG	ASV_181593e6b7a1	d__Bacteria; p__Actinobacteriota; c__Actinomycetia; o__Mycobacteriales; f__Mycobacteriaceae; g__Corynebacterium	g__Corynebacterium
GACGAACGCTGGCGGCGTGCTTAACACATGCAAGTCGAACGATGAAGCCTAGCTTGCTAGGTGGATTAGTGGCGAACGGGTGAGTAATACGTGAGTAACCTACCTTTAACTCTGGGATAAGCCTGGGAAACTGGGTCTAATACCGGATAC	ASV_804b0209f5ae	d__Bacteria; p__Actinobacteriota; c__Actinomycetia; o__Actinomycetales; f__Micrococcaceae; g__Rothia; s__Rothia sp001808955	g__Rothia
GACGAACGCTGGCGGCGTGCTTAACACATGCAAGTCGAACGGAAAGGCCCCCTTGTGGGGTACTCGAGTGGCGAACGGGTGAGTAACACGTGAGTAACCTACCCTTGACTTTGGGATAACTTCAGGAAACTGGGGCTAATACCGGATAGG	ASV_5fab57c33ee5	d__Bacteria; p__Actinobacteriota; c__Actinomycetia; o__Propionibacteriales; f__Propionibacteriaceae; g__Cutibacterium; s__Cutibacterium namnetense	g__Cutibacterium
AGTGAACGCTGGCGGCAGGCCTAACACATGCAAGTCGAACGGCAGCACAGTAAGAGCTTGCTCTTATGGGTGGCGAGTGGCGGACGGGTGAGGAATACATCGGAATCTACTCTTTCGTGGGGGATAACGTAGGGAAACTTACGCTAATAC	ASV_c24cb5e017c1	d__Bacteria; p__Proteobacteria; c__Gammaproteobacteria; o__Xanthomonadales_616009; f__Xanthomonadaceae_616009; g__Xanthomonas_A_614439	g__Xanthomonas_A_614439
ATTGAACGCTGGCGGCAGGCTTAACACATGCAAGTCGAACGATGATTATCTAGCTTGCTAGATATGATTAGTGGCGGACGGGTGAGTAACATTTAGGAATCTGCCTAGTAGTGGGGGATAGCTCGGGGAAACTCGAATTAATACCGCATA	ASV_4403ef5edad8	d__Bacteria; p__Proteobacteria; c__Gammaproteobacteria; o__Pseudomonadales_660879; f__Moraxellaceae; g__Moraxella_A_651124; s__Moraxella_A_651124 cinereus	g__Moraxella_A_651124
GACGAACGCTGGCGGCGTGCTTAACACATGCAAGTCGAACGAAGAGCGATGGAAGCTTGCTTCTATCAATCTTAGTGGCGAACGGGTGAGTAACGCGTAATCAACCTGCCCTTCAGAGGGGGACAACAGTTGGAAACGACTGCTAATACC	ASV_79319091623e	d__Bacteria; p__Firmicutes_C; c__Negativicutes; o__Veillonellales; f__Veillonellaceae; g__Veillonella_A	g__Veillonella_A
GACGAACGCTGGCGGCGTGCTTAACACATGCAAGTCGTACGGTAAGGCCCTTTCGGGGGTACACGAGTGGCGAACGGGTGAGTAACACGTGAGTAACCTGCCCACAACTTTGGGATAACGCTAGGAAACTGGTGCTAATACTGGATATGT	ASV_511ca26af867	d__Bacteria; p__Actinobacteriota; c__Actinomycetia; o__Propionibacteriales; f__Propionibacteriaceae; g__Cutibacterium; s__Cutibacterium granulosum	g__Cutibacterium
GATGAACGCTGGCGGCGTGCTTAACACATGCAAGTCGAACGGAAAGGCCGAAGCTTGCTTCGGTACTCGAGTGGCGAACGGGTGAGTAACACGTGGGTGATCTGCCCTGTACTTCGGGATAAGCTTGGGAAACTGGGTCTAATACCGGAT	ASV_89ac8f6d62c8	d__Bacteria; p__Actinobacteriota; c__Actinomycetia; o__Mycobacteriales; f__Mycobacteriaceae; g__Corynebacterium; s__Corynebacterium imitans	g__Corynebacterium
ATTGAACGCTGGCGGCATGCTTTACACATGCAAGTCGAACGGCAACGAGGAGAAGCTTGCTTCTCTGTCGGCGAGTGGCGAACGGGTGAGTATAGCATCGGAACGTGCCAAGTAGTGGGGGATAACCAAACGAAAGTTTGGCTAATACCG	ASV_27cc35506b5f	d__Bacteria; p__Proteobacteria; c__Gammaproteobacteria	Unclassified
ATTGAACGCTGGCGGCATGCTTTACACATGCAAGTCGGACGGCAGCACAGAGAAGCTTGCTTCTTGGGTGGCGAGTGGCGAACGGGTGAGTAACATATCGGAACGTACCGAGCAGTGGGGGATAACTAATCGAAAGATTAGCTAATACCG	ASV_bce91ec2138c	d__Bacteria; p__Proteobacteria; c__Gammaproteobacteria; o__Burkholderiales_597441; f__Neisseriaceae_563222; g__Neisseria_563205; s__Neisseria macacae	g__Neisseria_563205
GACGAACGCTGGCGGCGTGCCTAATACATGCAAGTCGAGCGAGCGAAACTAACAGATTTACTTCGGTAATGACGTTAGGAAAGCGAGCGGCGGATGGGTGAGTAACACGTGGGGAACCTGCCCCATAGTCTGGGATACCACTTGGAAACA	ASV_5f1fe4f56fff	d__Bacteria; p__Firmicutes_D; c__Bacilli; o__Lactobacillales; f__Lactobacillaceae; g__Lactobacillus; s__Lactobacillus crispatus	g__Lactobacillus
GATTAACGCTGGCGGCGTGCATAACACATGCAAGTCGAACGATGAAACTTAGTAGACTTCTTCGGAAAGACACTAAGCGGATTAGTGGCGAACGGGTGAGTAACGCGTGAGTAACCTGCCTTACACAAGGGGATAGCCTTTGGAAACGAA	ASV_e9f93f0604b8	d__Bacteria; p__Firmicutes_A; c__Clostridia_258483; o__Tissierellales; f__Peptoniphilaceae; g__Anaerococcus	g__Anaerococcus
GACGAACGCTGGCGGCGTGCTTAACACATGCAAGTCGAACGGAAAGGCCCTGCTTGCAGGGTACTCGAGTGGCGAACGGGTGAGTAACACGTGGGTGATCTGCCCTGCACTTCGGGATAAGCCTGGGAAACTGGGTCTAATACCGGATAG	ASV_68b1a732472e	d__Bacteria; p__Actinobacteriota; c__Actinomycetia; o__Mycobacteriales; f__Mycobacteriaceae; g__Corynebacterium	g__Corynebacterium
GACGAACGCTGGCGGCGTGCTTAACACATGCAAGTCGAACGATGAAGCCTAGCTTGCTAGGTGGATTAGTGGCGAACGGGTGAGTAATACGTGAGTGACCTACCTTTGACTCTGGGATAAGCCTGGGAAACTGGGTCTAATACCGGATAC	ASV_0f6f9178c9be	d__Bacteria; p__Actinobacteriota; c__Actinomycetia; o__Actinomycetales; f__Micrococcaceae; g__Rothia; s__Rothia dentocariosa	g__Rothia
GACGAACGCTGGCGGCGTGCCTAATACATGCAAGTAGAACGCTGAAGGAGGAGCTTGCTCTTCTGGATGAGTTGCGAACGGGTGAGTAACGCGTAGGTAACCTGCCTGGTAGCGGGGGATAACTATTGGAAACGATAGCTAATACCGCAT	ASV_f9425d0d0907	d__Bacteria; p__Firmicutes_D; c__Bacilli; o__Lactobacillales; f__Streptococcaceae; g__Streptococcus	g__Streptococcus
GACGAACGCTGGCGGCGTGCTTAACACATGCAAGTCGAACGCTGAAGCTTGGTGCTTGCACTGGGTGGATGAGTGGCGAACGGGTGAGTAATACGTGAGTAACCTGCCCTTGACTCTGGGATAAGCCTGGGAAACTGGGTCTAATACTGG	ASV_d747f681352c	d__Bacteria; p__Actinobacteriota; c__Actinomycetia; o__Actinomycetales; f__Micrococcaceae; g__Kocuria	g__Kocuria
ATTGAACGCTGGCGGCATGCTTTACACATGCAAGTCGAACGGCAGCGAGGAGAAGCTTGCTTCTCTGTCGGCGAGTGGCGAACGGGTGAGTATAGCATCGGAACGTGCCAAGTAGTGGGGGATAACCAAACGAAAGTTTGGCTAATACCG	ASV_7eb380d06e74	d__Bacteria; p__Proteobacteria; c__Gammaproteobacteria	Unclassified
ATTGAACGCTGGCGGCAGGCTTAACACATGCAAGTCGAACGGTAGCAGGAGAAAGCTTGCTTTCTTGCTGACGAGTGGCGGACGGGTGAGTAATGCTTGGGAATCTGGCTTATGGAGGGGGATAACTACGGGAAACTGTAGCTAATACCG	ASV_e724e253a002	d__Bacteria; p__Proteobacteria; c__Gammaproteobacteria; o__Enterobacterales_A_737866; f__Pasteurellaceae	f__Pasteurellaceae
ATTGAACGCTGGCGGCATGCCTTACACATGCAAGTCGAACGGTAACAGGTCTTCGGATGCTGACGAGTGGCGAACGGGTGAGTAATACATCGGAACGTGCCCAGTAATGGGGGATAGCTCGGCGAAAGCCGGATTAATACCGCATACGCC	ASV_0eb1369e939e	d__Bacteria; p__Proteobacteria; c__Gammaproteobacteria; o__Burkholderiales_595423; f__Burkholderiaceae_A_595423; g__Limnobacter	g__Limnobacter
