ASV_sequence	Feature_ID	Taxon	Genus
TACGGAGGGAGCTAGCGTTGTTCGGAATTACTGGGCGTAAAGCGCGCGTAGGCGGTCTTTTAAGTCAGAGGTGAAAGCCCGGGGCTCAACCCCGGAATAGCCTTTGAAACTGGAAGACTTGAATCTTGGAGAGGTCAGTGGAATTCCGAG	ASV_b6cdbc9d5478	d__Bacteria; p__Proteobacteria; c__Alphaproteobacteria; o__Sphingomonadales; f__Sphingomonadaceae; g__Sphingopyxis	g__Sphingopyxis
TACGTAGGGTACTAGCGTTGTCCGGAATTATTGGGCGTAAAGAGCTCGTAGGTGGTTTGTCGCGTCTGCTGTGGAAACGTGCCGCTTAACGGTGCGCGTGCAGTGGGTACGGGCGGACTAGAGTGCAGTAGGGGAGTCTGGAATTCCTGG	ASV_82db16179bec	d__Bacteria; p__Actinobacteriota; c__Actinomycetia; o__Actinomycetales; f__Brevibacteriaceae; g__Brevibacterium	g__Brevibacterium
TACGTAGGTGGCAAGCGTTGTCCGGATTTATTGGGCGTAAAGCGCGCGCAGGTGGTTTCTTAAGTCTGATGTGAAATCTCGCGGCTCAACCGCGAGCGGTCATTGGAAACTGGGGAACTTGAGTGCAGAAGAGGATAGTGGAATTCCAAG	ASV_627d190816fd	d__Bacteria; p__Firmicutes_D; c__Bacilli; o__Bacillales_A; f__Planococcaceae; g__Rummeliibacillus; s__Rummeliibacillus stabekisii	g__Rummeliibacillus
TACGGAGGATGCGAGCGTTATCCGGATTTATTGGGTTTAAAGGGTGCGTAGGCGGCCTGTTAAGTCAGCGGTGAAATCTAGGAGCTTAACTCCTAAATTGCCATTGATACTGGCGGGCTTGAGTGTAGATGAGGGAGGCGGAATGCGTGG	ASV_e314d61dcc72	d__Bacteria; p__Bacteroidota; c__Bacteroidia; o__Bacteroidales; f__Porphyromonadaceae; g__Porphyromonas_A_859423; s__Porphyromonas_A_859423 pasteri	g__Porphyromonas_A_859423
TACGGAGGGTGCGAGCGTTAATCGGAATAACTGGGCGTAAAGGGCACGCAGGCGGTGACTTAAGTGAGGTGTGAAAGCCCCGGGCTTAACCTGGGAATTGCATTTCATACTGGGTCGCTAGAGTACTTTAGGGAGGGGTAGAATTCCACG	ASV_1986030e3c5c	d__Bacteria; p__Proteobacteria; c__Gammaproteobacteria; o__Enterobacterales_A_737866; f__Pasteurellaceae; g__Haemophilus_D_735815	g__Haemophilus_D_735815
TACGTAGGGTGCAAGCGTTGTCCGGAATTACTGGGCGTAAAGAGCTCGTAGGTGGTTTGTCGCGTCGTCTGTGAAAGCCCGGGGCTTAACTCCGGGTCTGCAGGCGATACGGGCATAACTAGAGTGCTGTAGGGGAGACTGGAATTCCTG	ASV_9838e89aacae	d__Bacteria; p__Actinobacteriota; c__Actinomycetia; o__Mycobacteriales; f__Mycobacteriaceae; g__Corynebacterium	g__Corynebacterium
TACGTAGGTGGCAAGCGTTGTCCGGATTTATTGGGCGTAAAGCGAGCGCAGGCGGAAGAATAAGTCTGATGTGAAAGCCCTCGGCTTAACCGAGGAACTGCATCGGAAACTGTTTTTCTTGAGTGCAGAAGAGGAGAGTGGAACTCCATG	ASV_1bf05d12bfd3	d__Bacteria; p__Firmicutes_D; c__Bacilli; o__Lactobacillales; f__Lactobacillaceae; g__Lactobacillus	g__Lactobacillus
TACGGAGGGTGCGAGCGTTGTCCGGATTTATTGGGTTTAAAGGGTGCGTAGGCGGCCTTTTAAGTCCGGGGTGAAAGCCCGTTGCTCAACAACGGAACTGCCCTGGATACTGGAAGGCTTGAGTACAGACGAGGTTGGCGGAATGGACTG	ASV_2b4ff61e27d7	d__Bacteria; p__Bacteroidota; c__Bacteroidia; o__Cytophagales; f__Hymenobacteraceae; g__Hymenobacter_910554	g__Hymenobacter_910554
TACGTAGGTGGCAAGCGTTGTCCGGAATTATTGGGCGTAAAGCGCGCGCAGGCGGTCTCTTAAGTCTGATGTGAAAGCCCCCGGCTCAACCGGGGAGGGTCATTGGAAACTGGGAGACTTGAGGACAGAAGAGGAGAGTGGAATTCCAAG	ASV_985101dbd3c2	d__Bacteria; p__Firmicutes_D; c__Bacilli; o__Lactobacillales; f__Listeriaceae; g__Brochothrix; s__Brochothrix thermosphacta	g__Brochothrix
TACGTAGGGCGCAAGCGTTGTCCGGAATTATTGGGCGTAAAGAGCTCGTAGGCGGTTTGTCGCGTCTGCTGTGAAAGCCCGGGGCTTAACCCCGGGTGTGCAGTGGGTACGGGCAGACTAGAGTGCAGTAGGGGAGACTGGAATTCCTGG	ASV_2be34a58b641	d__Bacteria; p__Actinobacteriota; c__Actinomycetia; o__Actinomycetales; f__Micrococcaceae; g__Kocuria	g__Kocuria
TACGTAGGGTGCGAGCGTTGTCCGGAATTACTGGGCGTAAAGAGCTCGTAGGTGGTTTGTCGCGTCGTCTGTGAAATTCCGGGGCTTAACTCCGGGCGTGCAGGCGATACGGGCATAACTTGAGTACTGTAGGGGAGACTGGAATTCCTG	ASV_832e6210c041	d__Bacteria; p__Actinobacteriota; c__Actinomycetia; o__Mycobacteriales; f__Mycobacteriaceae; g__Corynebacterium	g__Corynebacterium
TACGGAGGGGGCTAGCGTTGTTCGGAATTACTGGGCGTAAAGCGCACGTAGGCGGACCGGAAAGTCAGAGGTGAAATCCCAGGGCTCAACCTTGGAACTGCCTTTGAAACTATCGGTCTGGAGTTCGAGAGAGGTGAGTGGAATTCCGAG	ASV_a86cf2a318fb	d__Bacteria; p__Proteobacteria; c__Alphaproteobacteria; o__Rhodobacterales; f__Rhodobacteraceae; g__Paracoccus	g__Paracoccus
TACGTAGGGTGCGAGCGTTATCCGGAATTATTGGGCGTAAAGAGCTCGTAGGCGGTTTGTCGCGTCTGTCGTGAAAGTCCGGGGCTTAACCCCGGATCTGCGGTGGGTACGGGCAGACTAGAGTGCAGTAGGGGAGACTGGAATTCCTGG	ASV_59c4a678634e	d__Bacteria; p__Actinobacteriota; c__Actinomycetia; o__Actinomycetales; f__Micrococcaceae; g__Micrococcus	g__Micrococcus
TACGTAGGGTGCGAGCGTTGTCCGGAATTACTGGGCGTAAAGAGCTCGTAGGTGGTTTGTCGCGTCGTCTGTGAAATTCCGGGGCTTAACTTCGGGCGTGCAGGCGATACGGGCATAACTTGAGTGCTGTAGGGGAGACTGGAATTCCTG	ASV_f185b9837e9b	d__Bacteria; p__Actinobacteriota; c__Actinomycetia; o__Mycobacteriales; f__Mycobacteriaceae; g__Corynebacterium	g__Corynebacterium
TACAGAGGGTGCAAGCGTTAATCGGATTTACTGGGCGTAAAGCGCGCGTAGGCGGCTAATTAAGTCAAATGTGAAATCCCCGAGCTTAACTTGGGAATTGCATTCGATACTGGTTAGCTAGAGTGTGGGAGAGGATGGTAGAATTCCAGG	ASV_1ba09da532a0	d__Bacteria; p__Proteobacteria; c__Gammaproteobacteria; o__Pseudomonadales_660879; f__Moraxellaceae; g__Acinetobacter	g__Acinetobacter
TACGAAGGGTGCAAGCGTTAATCGGAATTACTGGGCGTAAAGCGCGCGTAGGTGGCTTGATAAGTTGGATGTGAAATCCCCGGGCTCAACCTGGGAACTGCATCCAAAACTGTCTGGCTAGAGTGCGGTAGAGGGTAGTGGAATTTCCAG	ASV_abec81d53c6c	d__Bacteria; p__Proteobacteria; c__Gammaproteobacteria; o__Pseudomonadales_650611; f__Pseudomonadaceae; g__Pseudomonas_B_650451	g__Pseudomonas_B_650451
TACGGAGGGTGCGAGCGTTAATCGGAATAACTGGGCGTAAAGGGCACGCAGGCGGACTTTTAAGTGAGATGTGAAATCCCCGAGCTTAACTTGGGAACTGCATTTCAGACTGGGAGTCTAGAGTACTTTAGGGAGGGGTAGAATTCCACG	ASV_8af44cea3544	d__Bacteria; p__Proteobacteria; c__Gammaproteobacteria; o__Enterobacterales_A_737866; f__Pasteurellaceae; g__Pasteurella_736809	g__Pasteurella_736809
TACGTAGGGTGCGAGCGTTGTCCGGAATTACTGGGCGTAAAGAGCTCGTAGGTGGTTTGTCGCGTCGTCTGTGAAATTCCGGGGCTTAACTCCGGGCGTGCAGGCGATACGGGCATAACTTGAGTGCTGTAGGGGAGACTGGAATTCCTG	ASV_a63e6ca20ad1	d__Bacteria; p__Actinobacteriota; c__Actinomycetia; o__Mycobacteriales; f__Mycobacteriaceae; g__Corynebacterium	g__Corynebacterium
TACGTAGGTCTCAAGCGTTATCCGGATTTACTGGGCGTAAAGTGTCCGTAGTCTGATCTGTAAGTCTGTTTTCAAATCCTACGACTCAATCGTAGAAAGGGAGTGGATACTGCAGATCTAGAAGTATCTAGGGGTTAGTGGAATTTCCGG	ASV_b6b48b3adfb3	d__Bacteria; p__Patescibacteria; c__JAEDAM01; o__Absconditabacterales; f__X112; g__HOT-345; s__HOT-345 sp003260355	g__HOT-345
TACGTAGGGTGCAAGCGTTGTCCGGAATTACTGGGCGTAAAGAGCTCGTAGGTGGTTTGTCGCGTCGTCTGTGAAATCCCGGGGCTTAACTCCGGGTCTGCAGGCGATACGGGCATAACTAGAGTGCTGTAGGGGAGACTGGAATTCCTG	ASV_024e0555d2c0	d__Bacteria; p__Actinobacteriota; c__Actinomycetia; o__Mycobacteriales; f__Mycobacteriaceae; g__Corynebacterium	g__Corynebacterium
TACGTAGGTCCCGAGCGTTATCCGGATTTATTGGGCGTAAAGCGAGCGCAGGCGGTTAGATAAGTCTGAAGTTAAAGGCTGTGGCTTAACCATAGTACGCTTTGGAAACTGTTTAACTTGAGTGCAGAAGGGGAGAGTGGAATTCCATGT	ASV_7be9bac1b13a	d__Bacteria; p__Firmicutes_D; c__Bacilli; o__Lactobacillales; f__Streptococcaceae; g__Streptococcus	g__Streptococcus
AACGTAGGTCACAAGCGTTGTCCGGAATTACTGGGTGTAAAGGGAGCGCAGGCGGGAAGACAAGTTGGAAGTGAAATCTATGGGCTCAACCCATAAACTGCTTTCAAAACTGTTTTTCTTGAGTAGTGCAGAGGTAGGCGGAATTCCCGG	ASV_79280cea51a6	d__Bacteria; p__Firmicutes_A; c__Clostridia_258483; o__Oscillospirales; f__Ruminococcaceae; g__Faecalibacterium	g__Faecalibacterium
TACGTAGGTCCCGAGCGTTGTCCGGATTTATTGGGCGTAAAGCGAGCGCAGGCGGTTTGATAAGTCTGAAGTTAAAGGCTGTGGCTCAACCATAGTTCGCTTTGGAAACTGTCAAACTTGAGTGCAGAAGGGGAGAGTGGAATTCCATGT	ASV_a650f349bbdf	d__Bacteria; p__Firmicutes_D; c__Bacilli; o__Lactobacillales; f__Streptococcaceae; g__Streptococcus	g__Streptococcus
TACGTATGTCACGAGCGTTATCCGGATTTATTGGGCGTAAAGCGCGTCTAGGTGGTTATGTAAGTCTGATGTGAAAATGCAGGGCTCAACTCTGTATTGCGTTGGAAACTGTGTAACTAGAGTACTGGAGAGGTAAGCGGAACTACAAGT	ASV_447ee7f88cea	d__Bacteria; p__Fusobacteriota; c__Fusobacteriia; o__Fusobacteriales_993521; f__Fusobacteriaceae_993521; g__Fusobacterium_C	g__Fusobacterium_C
TACGTAGGGTACAAGCGTTGTCCGGAATTATTGGGCGTAAAGAGCTCGTAGGTGGTTGGTCACGTCTGCTGTGGAAACGCAACGCTTAACGTTGCGCGTGCAGTGGGTACGGGCTGACTAGAGTGCAGTAGGGGAGTCTGGAATTCCTGG	ASV_c3cb5f0be6d5	d__Bacteria; p__Actinobacteriota; c__Actinomycetia; o__Actinomycetales; f__Brevibacteriaceae; g__Brevibacterium	g__Brevibacterium
TACGTAGGGGGCTAGCGTTATCCGGATTTACTGGGCGTAAAGGGTGCGTAGGTGGTCCTTCAAGTCGGTGGTTAAAGGCTACGGCTCAACCGTAGTAAGCCGCCGAAACTGGAGGACTTGAGTGCAGGAGAGGAAAGTGGAATTCCCAGT	ASV_4ba52fb94bd6	d__Bacteria; p__Firmicutes_A; c__Clostridia_258483; o__Peptostreptococcales; f__Peptostreptococcaceae_256921; g__Peptostreptococcus; s__Peptostreptococcus stomatis	g__Peptostreptococcus
TACGTAGGGTACGAGCGTTGTCCGGAATTATTGGGCGTAAAGAGCTCGTAGGTGGTTGGTCACGTCTGCTGTGGAAACGCAACGCTTAACGTTGCGCGTGCAGTGGGTACGGGCTGACTAGAGTGCAGTAGGGGAGTCTGGAATTCCTGG	ASV_aefbbb1790ab	d__Bacteria; p__Actinobacteriota; c__Actinomycetia; o__Actinomycetales; f__Brevibacteriaceae; g__Brevibacterium	g__Brevibacterium
TACGTAGGGTGCAAGCGTTGTCCGGAATTACTGGGCGTAAAGAGCTCGTAGGTGGTTTGTCGCGTCGTCTGTGAAATCCCGGGGCTTAACTTCGGGCGTGCAGGCGATACGGGCATAACTTGAGTGCTGTAGGGGAGACTGGAATTCCTG	ASV_138ae8a065c1	d__Bacteria; p__Actinobacteriota; c__Actinomycetia; o__Mycobacteriales; f__Mycobacteriaceae; g__Corynebacterium	g__Corynebacterium
TACGTAGGGTGCAAGCGTTAATCGGAATTACTGGGCGTAAAGCGTGCGCAGGCGGTTTTGTAAGTCTGTCGTGAAATCCCCGGGCTCAACCTGGGAATTGCGATGGAGACTGCAAGGCTAGAATCTGGCAGAGGGGGGTAGAATTCCACG	ASV_06a393c94e2f	d__Bacteria; p__Proteobacteria; c__Gammaproteobacteria; o__Burkholderiales_592524; f__Burkholderiaceae_A_574758; g__Massilia	g__Massilia
TACGTAGGTGGCAAGCGTTGTCCGGAATTATTGGGCGTAAAGCGCGCGCAGGCGGATTGGTCAGTCTGTCTTAAAAGTTCGGGGCTTAACCCCGTGATGGGATGGAAACTGCCAATCTAGAGTATCGGAGAGGAAAGTGGAATTCCTAGT	ASV_6c83fec6e8d0	d__Bacteria; p__Firmicutes_C; c__Negativicutes; o__Veillonellales; f__Veillonellaceae; g__Veillonella_A	g__Veillonella_A
TACGTAGGTGGCAAGCGTTGTCCGGATTTATTGGGCGTAAAGCGAGTGCAGGCGGCTCGATAAGTCTGATGTGAAAGCCTTCGGCTCAACCGGAGAATTGCATCAGAAACTGTCGAGCTTGAGTACAGAAGAGGAGAGTGGAACTCCATG	ASV_eaea5d7b84c0	d__Bacteria; p__Firmicutes_D; c__Bacilli; o__Lactobacillales; f__Lactobacillaceae; g__Lactobacillus; s__Lactobacillus iners	g__Lactobacillus
TACGTAGGTGACAAGCGTTGTCCGGATTTATTGGGCGTAAAGGGAGCGCAGGCGGTCTGTTTAGTCTAATGTGAAAGCCCACGGCTTAACCGTGGAACGGCATTGGAAACTGACAGACTTGAATGTAGAAGAGGAAAATGGAATTCCAAG	ASV_d43ad42f3b16	d__Bacteria; p__Firmicutes_D; c__Bacilli; o__Lactobacillales; f__Carnobacteriaceae; g__Dolosigranulum; s__Dolosigranulum pigrum	g__Dolosigranulum
TACGAAGGGTGCAAGCGTTACTCGGAATTACTGGGCGTAAAGCGTGCGTAGGTGGTCGTTTAAGTCTGTTGTGAAAGCCCTGGGCTCAACCTGGGAACTGCAGTGGAAACTGGACGACTAGAGTGTGGTAGAGGGTAGCGGAATTCCTGG	ASV_596c1c5efe77	d__Bacteria; p__Proteobacteria; c__Gammaproteobacteria; o__Xanthomonadales_616009; f__Xanthomonadaceae_616009; g__Stenotrophomonas_A_615274	g__Stenotrophomonas_A_615274
TACGTAGGGCGCAAGCGTTGTCCGGAATTATTGGGCGTAAAGAGCTCGTAGGCGGTTTGTCGCGTCTGCTGTGAAAGCCCGGGGCTTAACCCCGGGTGTGCAGTGGGTACGGGCAGACTTGAGTGCAGTAGGGGAGACTGGAATTCCTGG	ASV_3cb3514dd7db	d__Bacteria; p__Actinobacteriota; c__Actinomycetia; o__Actinomycetales; f__Micrococcaceae; g__Kocuria	g__Kocuria
TACGTAGGTCCCGAGCGTTGTCCGGATTTATTGGGCGTAAAGCGAGCGCAGGCGGTTAGATAAGTCTGAAGTTAAAGGCTGTGGCTTAACCATAGTACGCTTTGGAAACTGTTTAACTTGAGTGCAGAAGGGGAGAGTGGAATTCCATGT	ASV_c6b6bd210739	d__Bacteria; p__Firmicutes_D; c__Bacilli; o__Lactobacillales; f__Streptococcaceae; g__Streptococcus	g__Streptococcus
TACGTAGGGTGCAAGCGTTGTCCGGATTTACTGGGCGTAAAGAGCTCGTAGGTGGTGTGTCGCGTCGTCTGTGAAATTCCGGGGCTTAACTCCGGGCGTGCAGGCGATACGGGCACGACTAGAGTGCTGTAGGGGTAACTGGAATTCCTG	ASV_2737308c23a6	d__Bacteria; p__Actinobacteriota; c__Actinomycetia; o__Mycobacteriales; f__Mycobacteriaceae; g__Corynebacterium; s__Corynebacterium durum	g__Corynebacterium
TACGTAGGGTGCGAGCGTTGTCCGGATTTATTGGGCGTAAAGGGCTCGTAGGTGGTTGATCGCGTCGGAAGTGTAATCTTGGGGCTTAACCCTGAGCGTGCTTTCGATACGGGTTGACTTGAGGAAGGTAGGGGAGAATGGAATTCCTGG	ASV_33b601a7a829	d__Bacteria; p__Actinobacteriota; c__Actinomycetia; o__Propionibacteriales; f__Propionibacteriaceae; g__Cutibacterium; s__Cutibacterium acnes	g__Cutibacterium
TACGTAGGGTCCGAGCGTTGTCCGGAATTATTGGGCGTAAAGGGCTCGTAGGCGGTTTGTCGCGTCGGGAGTGAAAACACCGGGCTTAACTCGGTGCTTGCTTTCGATACGGGCAGACTAGAGGTATTCAGGGGAGAACGGAATTCCTGG	ASV_1de93abbcb08	d__Bacteria; p__Actinobacteriota; c__Actinomycetia; o__Propionibacteriales; f__Nocardioidaceae; g__Nocardioides_A_392796	g__Nocardioides_A_392796
TACGTAGGTGGCAAGCGTTGTCCGGAATTATTGGGCGTAAAGCGCGCGCAGGCGGATAGGTCAGTCTGTCTTAAAAGTTCGGGGCTTAACCCCGTGATGGGATGGAAACTGCCAATCTAGAGTATCGGAGAGGAAAGTGGAATTCCTAGT	ASV_c1b636001e07	d__Bacteria; p__Firmicutes_C; c__Negativicutes; o__Veillonellales; f__Veillonellaceae; g__Veillonella_A	g__Veillonella_A
TACGTAGGGTACAAGCGTTGTCCGGAATTATTGGGCGTAAAGAGCTCGTAGGTGGTCTGTCACGTCTGCTGTGGAAACGCAAGGCTCAACCTTGCGCGTGCAGTGGGTACGGGCGGACTAGAGTGCAGTAGGGGAGTCTGGAATTCCTGG	ASV_4d4bdd2452b7	d__Bacteria; p__Actinobacteriota; c__Actinomycetia; o__Actinomycetales; f__Brevibacteriaceae; g__Brevibacterium; s__Brevibacterium pityocampae	g__Brevibacterium
TACGTAGGTGGCAAGCGTTATCCGGAATTATTGGGCGTAAAGCGCGCGTAGGCGGTTTCTTAAGTCTGATGTGAAAGCCCACGGCTCAACCGTGGAGGGTCATTGGAAACTGGGAAACTTGAGTGCAGAAGAGGAAAGTGGAATTCCATG	ASV_f48a1f611db9	d__Bacteria; p__Firmicutes_D; c__Bacilli; o__Staphylococcales; f__Staphylococcaceae; g__Staphylococcus	g__Staphylococcus
TACGGAGGGTGCGAGCGTTAATCGGAATAACTGGGCGTAAAGGGCACGCAGGCGGACTTTTAAGTGAGGTGTGAAAGCCCCGGGCTTAACCTGGGAATTGCATTTCAGACTGGGAGTCTAGAGTACTTTAGGGAGGGGTAGAATTCCACG	ASV_f1da0f084f3e	d__Bacteria; p__Proteobacteria; c__Gammaproteobacteria; o__Enterobacterales_A_737866; f__Pasteurellaceae; g__Haemophilus_D_735815	g__Haemophilus_D_735815
TACGTAGGTGGCAAGCGTTGTCCGGAATTATTGGGCGTAAAGCGCGCGCAGGCGGCCTATCCAGTCTGTCTTAAAAGTTCGGGGCTCAACCCCGTGATGGGATGGAAACTAGTAGGCTAGAGTATCGGAGAGGAAAGCGGAATTCCTAGT	ASV_f434ebfe13e3	d__Bacteria; p__Firmicutes_C; c__Negativicutes; o__Veillonellales; f__Veillonellaceae; g__F0422; s__F0422 sp001553345	g__F0422
CACGTAAGGGGCGAGCGTTGTTCGGAATTATTGGGCGTAAAGGGTATGTAGGCGGTTAGGTAAGCCTGGTGTGAAATCTACGAGCTCAACTCGTAAACTGCATTGGGTACTGCTTGACTTGAATCACGGAGGGGAAACCGGAATTCCAAG	ASV_5ba515c4613a	d__Bacteria; p__Spirochaetota; c__Spirochaetia; o__Treponematales; f__Treponemataceae; g__Treponema_B_986141; s__Treponema_B_986141 denticola	g__Treponema_B_986141
TACAGAGGGTGCAAGCGTTAATCGGAATTACTGGGCGTAAAGCGCGCGTAGGTGGTTCGTTAAGTTGGATGTGAAATCCCCGGGCTCAACCTGGGAACTGCATTCAAAACTGACGAGCTAGAGTATGGTAGAGGGTGGTGGAATTTCCTG	ASV_d56536a97c18	d__Bacteria; p__Proteobacteria; c__Gammaproteobacteria; o__Pseudomonadales_650611; f__Pseudomonadaceae; g__Pseudomonas_E_647464	g__Pseudomonas_E_647464
TACGTAGGGCGCAAGCGTTATCCGGAATTATTGGGCGTAAAGAGCTTGTAGGCGGTTCGTCGCGTCTGGTGTGAAAGCCCATCGCTTAACGGTGGGTCTGCGCCGGGTACGGGCGGGCTAGAGTGCAGTAGGGGAGACTGGAATTCCCGG	ASV_ecc877a3410d	d__Bacteria; p__Actinobacteriota; c__Actinomycetia; o__Actinomycetales; f__Bifidobacteriaceae; g__Bifidobacterium_388775	g__Bifidobacterium_388775
TACGTAGGGCGCAAGCGTTATCCGGAATTATTGGGCGTAAAGAGCTCGTAGGCGGTTTGTCGCGTCTGCTGTGAAAGCCCGGGGCTTAACTCCGGGTGTGCAGTGGGTACGGGCAGGCTAGAGTGCAGTAGGGGAGACTGGAATTCCTGG	ASV_463ec4cf9368	d__Bacteria; p__Actinobacteriota; c__Actinomycetia; o__Actinomycetales; f__Micrococcaceae; g__Pseudoglutamicibacter	g__Pseudoglutamicibacter
TACGGAAGGTCCAGGCGTTATCCGGATTTATTGGGTTTAAAGGGAGCGTAGGCCGTTTGATAAGCGTGCTGTGAAATTTAGAGGCTCAACCTCTACCGTGCAGCGCGAACTGTCAGACTTGAGTGCGTAGTAGGTAGGCGGAATTCGTGG	ASV_b59717a72b79	d__Bacteria; p__Bacteroidota; c__Bacteroidia; o__Bacteroidales; f__Bacteroidaceae; g__Prevotella; s__Prevotella nanceiensis	g__Prevotella
TACGTAGGGGGCAAGCGTTATCCGGATTTACTGGGTGTAAAGGGAGCGTAGACGGTGTGGCAAGTCTGATGTGAAAGGCATGGGCTCAACCTGTGGACTGCATTGGAAACTGTCATACTTGAGTGCCGGAGGGGTAAGCGGAATTCCTAG	ASV_eea6b86c0c75	d__Bacteria; p__Firmicutes_A; c__Clostridia_258483; o__Lachnospirales; f__Lachnospiraceae; g__Blautia_A_141781	g__Blautia_A_141781
TACGTAGGGCGCGAGCGTTGTCCGGAATTATTGGGCGTAAAGAGCTCGTAGGCGGCTGGTCGCGTCTGTCGTGAAATCCTCTGGCTTAACTGGGGGCTTGCGGTGGGTACGGGCCGGCTTGAGTGCGGTAGGGGAGACTGGAACTCCTGG	ASV_68db566a60ba	d__Bacteria; p__Actinobacteriota; c__Actinomycetia; o__Actinomycetales; f__Actinomycetaceae; g__Actinomyces	g__Actinomyces
TACGAAGGGTGCAAGCGTTACTCGGAATTACTGGGCGTAAAGCGTGCGTAGGTGGTGGTTTAAGTCTGTTGTGAAAGCCCTGGGCTCAACCTGGGAATTGCAGTGGATACTGGGTCACTAGAGTGTGGTAGAGGGTAGCGGAATTCCCGG	ASV_f283cd6d309a	d__Bacteria; p__Proteobacteria; c__Gammaproteobacteria; o__Xanthomonadales_616009; f__Xanthomonadaceae_616009; g__Xanthomonas_A_614439	g__Xanthomonas_A_614439
TACGTAGGGTGCGAGCGTTAATCGGAATTACTGGGCGTAAAGCGAGCGCAGACGGTTACTTAAGCAGGATGTGAAATCCCCGGGCTCAACCTGGGAACTGCGTTCTGAACTGGGTGACTAGAGTGTGTCAGAGGGAGGTAGAATTCCACG	ASV_fdcd6808ef82	d__Bacteria; p__Proteobacteria; c__Gammaproteobacteria; o__Burkholderiales_597441; f__Neisseriaceae_563222; g__Neisseria_563205	g__Neisseria_563205
TACGGAGGATGCGAGCGTTATCCGGAATCATTGGGTTTAAAGGGTCCGTAGGCGGGCTAATAAGTCAGAGGTGAAAGCGCTCAGCTCAACTGAGCAACTGCCTTTGAAACTGTTAGTCTTGAATGGTTGTGAAGTAGTTGGAATGTGTAG	ASV_3bce60a0473b	d__Bacteria; p__Bacteroidota; c__Bacteroidia; o__Flavobacteriales_877923; f__Flavobacteriaceae; g__Capnocytophaga_820688; s__Capnocytophaga leadbetteri	g__Capnocytophaga_820688
TACAGAGGGTGCGAGCGTTAATCGGATTTACTGGGCGTAAAGCGTGCGTAGGCGGCCACTTAAGTCGGATGTGAAATCCCCGAGCTCAACTTGGGAATTGCATTCGATACTGGGTGGCTAGAGTATGGGAGAGGAAGGTAGAATTCCAGG	ASV_82476dbcbcd4	d__Bacteria; p__Proteobacteria; c__Gammaproteobacteria; o__Pseudomonadales_660879; f__Moraxellaceae; g__Acinetobacter	g__Acinetobacter
TACGTAGGGGGCAAGCGTTATCCGGATTCATTGGGCGTAAAGCGCGCGTAGGCGGTCTGTTAGGTCAGGAGTTAAATCTGGGGGCTCAACCCCTATCCGCTCCTGATACCGGCAGGCTTGAGTCTGGTAGGGGAAGATGGAATTCCAAGT	ASV_ddccfdda10d2	d__Bacteria; p__Actinobacteriota; c__Coriobacteriia; o__Coriobacteriales; f__Atopobiaceae; g__Fannyhessea; s__Fannyhessea vaginae	g__Fannyhessea
TACGTAGGGTGCGAGCGTTGTCCGGAATTATTGGGCGTAAAGGGCTCGTAGGCGGTTTGTCGCGTCGGGAGTGAAAACGCCGTGCTTAACACGGCGCTTGCTTCCGATACGGGCAGACTAGAGGTATTCAGGGGAGAACGGAATTCCTGG	ASV_5229524132fa	d__Bacteria; p__Actinobacteriota; c__Actinomycetia; o__Propionibacteriales; f__Nocardioidaceae; g__Nocardioides_A_392796	g__Nocardioides_A_392796
TACGTATGTCACAAGCGTTATCCGGATTTATTGGGCGTAAAGCGCGTCTAGGTGGTTATGTAAGTCTGATGTGAAAATGCAGGGCTCAACTCTGTATTGCGTTGGAAACTGTGTAACTAGAGTACTGGAGAGGTAAGCGGAACTACAAGT	ASV_1a0bea5ccf9d	d__Bacteria; p__Fusobacteriota; c__Fusobacteriia; o__Fusobacteriales_993521; f__Fusobacteriaceae_993521; g__Fusobacterium_C	g__Fusobacterium_C
TACGTAGGGGGCAAGCGTTATCCGGATTTACTGGGTGTAAAGGGAGCGTAGACGGAGCAGCAAGTCTGATGTGAAAGGCGGGGGCTCAACCCCCGGACTGCATTGGAAACTGTTGATCTTGAGTACCGGAGAGGTAAGCGGAATTCCTAG	ASV_fd1f139259c5	d__Bacteria; p__Firmicutes_A; c__Clostridia_258483; o__Lachnospirales; f__Lachnospiraceae; g__Blautia_A_141781; s__Blautia_A_141781 caecimuris	g__Blautia_A_141781
TACGGAAGGTCCAGGCGTTATCCGGATTTATTGGGTTTAAAGGGAGCGTAGGCTGGAGATTAAGTGTGTTGTGAAATGTAGACGCTCAACGTCTGACTTGCAGCGCATACTGGTTTCCTTGAGTACGCACAACGTTGGCGGAATTCGTCG	ASV_4c6bfea15827	d__Bacteria; p__Bacteroidota; c__Bacteroidia; o__Bacteroidales; f__Bacteroidaceae; g__Prevotella	g__Prevotella
TACAGAGGGTGCAAGCGTTAATCGGAATTACTGGGCGTAAAGCGCGCGTAGGTGGTTATTTAAGTCAGATGTGAAAGCCCCGGGCTTAACCTGGGAACTGCATCTGATACTGGATAACTAGAGTAGGTGAGAGGGGAGTAGAATTCCAGG	ASV_4fdbeac7d6ce	d__Bacteria; p__Proteobacteria; c__Gammaproteobacteria; o__Pseudomonadales_660879; f__Moraxellaceae; g__Moraxella_C_651924	g__Moraxella_C_651924
TACGGAAGGTCCAGGCGTTATCCGGATTTATTGGGTTTAAAGGGAGTGTAGGCGGTTTGTTAAGCGTGTTGTGAAATTTAGGTGCTCAACATTTAACTTGCAGCGCGAACTGTCAGACTTGAGTACACGCAACGTATGCGGAATTCATGG	ASV_ffa12a95bac2	d__Bacteria; p__Bacteroidota; c__Bacteroidia; o__Bacteroidales; f__Bacteroidaceae; g__Prevotella; s__Prevotella pallens	g__Prevotella
TACGTAGGGTGCGAGCGTTATCCGGAATTATTGGGCGTAAAGAGCTCGTAGGCGGTTTGTCGCGTCTGTCGTGAAAGTCCGGGGCTTAACCCCGGATCTGCGGTGGGTACGGGCAGACTAGAGTGCGGTAGGGGAGACTGGAATTCCTGG	ASV_a1e131a45cef	d__Bacteria; p__Actinobacteriota; c__Actinomycetia; o__Actinomycetales; f__Micrococcaceae; g__Micrococcus	g__Micrococcus
TACAGAGGGTGCAAGCGTTAATCGGATTTACTGGGCGTAAAGCGCGCGTAGGTGGCCAATTAAGTCAAATGTGAAATCCCCGAGCTTAACTTGGGAATTGCATTCGATACTGGTTGGCTAGAGTATGGGAGAGGATGGTAGAATTCCAGG	ASV_31ebb433ebf0	d__Bacteria; p__Proteobacteria; c__Gammaproteobacteria; o__Pseudomonadales_660879; f__Moraxellaceae; g__Acinetobacter	g__Acinetobacter
TACGTAGGTCCCGAGCGTTGTCCGGATTTATTGGGCGTAAAGCGAGCGCAGGCGGTTAGATAAGTCTGAAGTTAAAGGCTGTGGCTTAACCATAGTATGCTTTGGAAACTGTTTAACTTGAGTGCAGAAGGGGAGAGTGGAATTCCATGT	ASV_f7f2cea1e0c0	d__Bacteria; p__Firmicutes_D; c__Bacilli; o__Lactobacillales; f__Streptococcaceae; g__Streptococcus	g__Streptococcus
TACGTAGGGTGCGAGCGTTGTCCGGAATTACTGGGCGTAAAGAGCTCGTAGGTGGTCTGTCGCGTCATTTGTGAAAGCCCGGGGCTTAACTCCGGGTTGGCAGGTGATACGGGCATGACTGGAGTACTGTAGGGGAGACTGGAATTCCTG	ASV_8f5b5babdbe9	d__Bacteria; p__Actinobacteriota; c__Actinomycetia; o__Mycobacteriales; f__Mycobacteriaceae; g__Corynebacterium; s__Corynebacterium kroppenstedtii	g__Corynebacterium
TACGGAGGGTGCAAGCGTTATCCGGATTTATTGGGTTTAAAGGGTCCGTAGGCGGATCTGTAAGTCAGTGGTGAAATCTCACAGCTTAACTGTGAAACTGCCATTGATACTGCAGGTCTTGAGTGTTGTTGAAGTAGCTGGAATAAGTAG	ASV_78c8a0b5213f	d__Bacteria; p__Bacteroidota; c__Bacteroidia; o__Flavobacteriales_877923; f__Weeksellaceae; g__Chryseobacterium_796614	g__Chryseobacterium_796614
TACAGAGGGTGCGAGCGTTAATCGGATTTACTGGGCGTAAAGCGTGCGTAGGCGGCTGATTAAGTCGGATGTGAAATCCCTGAGCTTAACTTAGGAATTGCATTCGATACTGGTCAGCTAGAGTATGGGAGAGGATGGTAGAATTCCAGG	ASV_a9acd1c2af37	d__Bacteria; p__Proteobacteria; c__Gammaproteobacteria; o__Pseudomonadales_660879; f__Moraxellaceae; g__Acinetobacter	g__Acinetobacter
TACGGGGGGTGCGAGCGTTAATCGGAATAACTGGGCGTAAAGGGCACGCAGGCGGTGACTTAAGTGAGATGTGAAAGCCCCGGGCTTAACCTGGGAATTGCATTTCATACTGGGTCGCTAGAGTACTTTAGGGAGGGGTAGAATTCCACG	ASV_10a9a0887483	d__Bacteria; p__Proteobacteria; c__Gammaproteobacteria; o__Enterobacterales_A_737866; f__Pasteurellaceae; g__Haemophilus_A	g__Haemophilus_A
TACGTAGGGGGCTAGCGTTGTCCGGAATCACTGGGCGTAAAGGGTTCGCAGGCGGAAATGCAAGTCAGGTGTAAAAGGCAGTAGCTTAACTACTGTAAGCATTTGAAACTGCATATCTTGAGAAGAGTAGAGGTAAGTGGAATTTTTAGT	ASV_5b6a30b5a900	d__Bacteria; p__Firmicutes_A; c__Clostridia_258483; o__Tissierellales; f__Peptoniphilaceae; g__Peptoniphilus_A	g__Peptoniphilus_A
GACGTAGGGGGCGAGCGTTGTCCGGAATTATTGGGCGTAAAGGGCTCCTAGGCGGTTCAGTAAGTCGACTGTGAAAATCCAAGGCTCAACCTTGGGACGCCAGTCGATACTGCTGTGACTCGAGTTCGGTAGAGGAGTGTGGAATTCCTG	ASV_8806e7b7d17e	d__Bacteria; p__Actinobacteriota; c__Acidimicrobiia_401430; o__Acidimicrobiales; f__MedAcidi-G1; g__S20-B6; s__S20-B6 sp002346745	g__S20-B6
TACAGAGGGTGCAAGCGTTAATCGGAATTACTGGGCGTAAAGCGCGCGTAGGCGGTTACGTAAGTTGGATGTGAAATCCCCGGGCTCAACCTGGGAATTGCATTCAAAACTGCGTGGCTAGAGTGTGGGAGAGGAAGGTAGAATTCCAGG	ASV_6a8f2d124685	d__Bacteria; p__Proteobacteria; c__Gammaproteobacteria; o__Pseudomonadales_660879; f__Moraxellaceae; g__Perlucidibaca_660858	g__Perlucidibaca_660858
TACGTAGGGTGCGAGCGTTGTCCGGAATTACTGGGCGTAAAGGGCTCGTAGGTGGTTTGTCGCGTCGTCTGTGAAATTCTGGGGCTTAACTCCGGGCGTGCAGGCGATACGGGCATAACTTGAGTGCTGTAGGGGTAACTGGAATTCCTG	ASV_a37623981468	d__Bacteria; p__Actinobacteriota; c__Actinomycetia; o__Mycobacteriales; f__Mycobacteriaceae; g__Corynebacterium	g__Corynebacterium
TACGGAGGGTGCAAGCGTTATCCGGATTCACTGGGTTTAAAGGGTGCGTAGGCGGGCAGGTAAGTCAGTGGTGAAATCCTGGAGCTTAACTCCAGAACTGCCATTGATACTATCTGTCTTGAATATTGTGGAGGTAAGCGGAATATGTCA	ASV_00e9f4d3cd7b	d__Bacteria; p__Bacteroidota; c__Bacteroidia; o__Chitinophagales; f__Chitinophagaceae_966727; g__Sediminibacterium	g__Sediminibacterium
TACGAAGGGTGCAAGCGTTACTCGGAATTACTGGGCGTAAAGCGTGCGTAGGTGGTTCGTTAAGTCTGATGTGAAAGCCCTGGGCTCAACCTGGGAACTGCATTGGATACTGGCGATCTGGAGTGCGGTAGAGGGTGGCGGAATTCCCGG	ASV_bdb7310f4e83	d__Bacteria; p__Proteobacteria; c__Gammaproteobacteria; o__Xanthomonadales_616009; f__Xanthomonadaceae_616009; g__Lysobacter_A_615995	g__Lysobacter_A_615995
TACGTAAGGTCCGAGCGTTGTCCGGAATCATTGGGCGTAAAGGGTACGTAGGCGGATAAGCAAGTTAGAAGTGAAATCCTATAGCTCAACTATAGTAAGCTTTTAAAACTGCTCATCTTGAGGTATGGAAGGGAAAGTGGAATTCCTAGT	ASV_742bb91827a5	d__Bacteria; p__Firmicutes_A; c__Clostridia_258483; o__Tissierellales; f__Peptoniphilaceae; g__Anaerococcus	g__Anaerococcus
TACAGAGGGTGCGAGCGTTAATCGGATTTACTGGGCGTAAAGCGTGCGTAGGCGGCTTCTTAAGTCGGATGTGAAATCCCTGAGCTTAACTTAGGAATTGCATTCGATACTGGGAAGCTAGAGTATGGGAGAGGATGGTAGAATTCCAGG	ASV_caf54b4995a7	d__Bacteria; p__Proteobacteria; c__Gammaproteobacteria; o__Pseudomonadales_660879; f__Moraxellaceae; g__Acinetobacter	g__Acinetobacter
TACGTATGTCGCGAGCGTTATCCGGAATTATTGGGCATAAAGGGCATCTAGGCGGCCCTGTAAGTCTAGGGTGAAAACCTGCGGCTCAACCGCAGGCCTGCCCCGGAAACTACAGGGCTAGAGTGCTGGAGAGGTGGACGGAACTGCACG	ASV_aa5f922ae538	d__Bacteria; p__Fusobacteriota; c__Fusobacteriia; o__Fusobacteriales_993777; f__Leptotrichiaceae; g__Leptotrichia_A_993758; s__Leptotrichia_A_993758 shahii	g__Leptotrichia_A_993758
TACGGAAGGTCCAGGCGTTATCCGGATTTATTGGGTTTAAAGGGAGCGTAGGCTGGAGATTAAGTGTGTTGTGAAATGTAGACGCTCAACGTCTGAATTGCAGCGCATACTGGTTTCCTTGAGTACGCACAACGTTGGCGGAATTCGTCG	ASV_602510f333bd	d__Bacteria; p__Bacteroidota; c__Bacteroidia; o__Bacteroidales; f__Bacteroidaceae; g__Prevotella; s__Prevotella melaninogenica	g__Prevotella
TACGTAGGTCCCGAGCGTTGTCCGGATTTATTGGGCGTAAAGCGAGCGCAGGCGGTTAGATAAGTCTGAAGTTAAAGGCTGTGGCTTAACCATAGTACGCTTTGGAAACTGTTTAACTTGAGTGCAAGAGGGGAGAGTGGAATTCCATGT	ASV_d9b76ee51ff2	d__Bacteria; p__Firmicutes_D; c__Bacilli; o__Lactobacillales; f__Streptococcaceae; g__Streptococcus	g__Streptococcus
TACGTAGGGGGCAAGCGTTATCCGGAATTACTGGGTGTAAAGGGTGCGTAGGTGGTATGGCAAGTCAGAAGTGAAAACCCAGGGCTTAACTCTGGGACTGCTTTTGAAACTGTCAGACTGGAGTGCAGGAGAGGTAAGCGGAATTCCTAG	ASV_f7686a74ca2d	d__Bacteria; p__Firmicutes_A; c__Clostridia_258483; o__Lachnospirales; f__Lachnospiraceae; g__Anaerostipes; s__Anaerostipes hadrus	g__Anaerostipes
TACGTAGGTCCCGAGCGTTGTCCGGATTTATTGGGCGTAAAGGGAGCGCAGGCGGTCAGGAAAGTCTGGAGTAAAAGGCTATGGCTCAACCATAGTGTGCTCTGGAAACTGTCTGACTTGAGTGCAGAAGGGGAGAGTGGAATTCCATGT	ASV_c4269a6e9bd6	d__Bacteria; p__Firmicutes_D; c__Bacilli; o__Lactobacillales; f__Streptococcaceae; g__Streptococcus; s__Streptococcus mutans	g__Streptococcus
TACGTATGTCACAAGCGTTATCCGGATTTATTGGGCGTAAAGCGCGTCTAGGCGGCTATGTAAGTCTGATGTGAAAATGCGGGGCTCAACTCCGTATTGCGTTGGAAACTGTGTAGCTAGAGTATCGGAGAGGTAAGCGGAACTACAAGT	ASV_6870a2590650	d__Bacteria; p__Fusobacteriota; c__Fusobacteriia; o__Fusobacteriales_993521; f__Fusobacteriaceae_993521; g__Fusobacterium_C	g__Fusobacterium_C
TACGTATGGAGCGAGCGTTGTCCGGAATTATTGGGCGTAAAGGGTACGCAGGCGGTTTAATAAGTCGAATGTTAAAGATCGGGGCTCAACCCCGTAAAGCATTGGAAACTGATAAACTTGAGTAGTGGAGAGGAAAGTGGAATTCCTAGT	ASV_5e151aa3f416	d__Bacteria; p__Firmicutes_A; c__Clostridia_258483; o__Tissierellales; f__Peptoniphilaceae; g__Finegoldia; s__Finegoldia magna_H	g__Finegoldia
TACGTAGGGTGCAAGCGTTAATCGGAATTACTGGGCGTAAAGCGTGCGCAGGCGGTTGTGTAAGACAGGTGTGAAATCCCCGGGCTTAACCTGGGAATTGCATTTGTGACTGCACGACTAGAGTGTGTCAGAGGGGGGTGGAATTCCACG	ASV_395a2988fd64	d__Bacteria; p__Proteobacteria; c__Gammaproteobacteria; o__Burkholderiales_595423; f__Burkholderiaceae_A_595423; g__Limnobacter	g__Limnobacter
TACGTAGGTGGCAAGCGTTATCCGGAATTATTGGGCGTAAAGCGCGCGTAGGCGGTTTTTTAAGTCTGATGTGAAAGCCCACGGCTCAACCGTGGAGGGTCATTGGAAACTGTAAAACTTGAGTGCAGAAGAGGAAAGTGGAATTCCATG	ASV_a56e7cbdc030	d__Bacteria; p__Firmicutes_D; c__Bacilli; o__Staphylococcales; f__Staphylococcaceae; g__Staphylococcus	g__Staphylococcus
TACGTAAGGACCGAGCGTTGTCCGGAATCATTGGGCGTAAAGGGTACGTAGGCGGGTCATTAAGTTAGAAGTCAAAGGCTATAGCTCAACTATAGTAAGCTTCTAAAACTGGAGACCTTGAGTAATGGAAGGGAAAGTGGAATTCCTAGT	ASV_1d1d606cff1c	d__Bacteria; p__Firmicutes_A; c__Clostridia_258483; o__Tissierellales; f__Peptoniphilaceae; g__Anaerococcus; s__Anaerococcus octavius	g__Anaerococcus
TACGTATGTCACAAGCGTTATCCGGATTTATTGGGCGTAAAGCGCGTCTAGGCGGTTAATTAAGTCTGATGTGAAAATGCGGAGCTCAACTCCGTATTGCGTTGGAAACTGGTTAACTAGAGTACTGGAGAGGTAAGCGGAACTACAAGT	ASV_0c65a31d3dad	d__Bacteria; p__Fusobacteriota; c__Fusobacteriia; o__Fusobacteriales_993521; f__Fusobacteriaceae_993521; g__Fusobacterium_C	g__Fusobacterium_C
TACGGAAGGTCCAGGCGTTATCCGGATTTATTGGGTTTAAAGGGTGCGTAGGCCGTTTGATAAGCGTGCTGTGAAATATAGTGGCTCAACCTCTATCGTGCAGCGCGAACTGTCGAACTTGAGTGCGTAGTAGGTAGGCGGAATTCGTGG	ASV_9af90fa49fa7	d__Bacteria; p__Bacteroidota; c__Bacteroidia; o__Bacteroidales; f__Bacteroidaceae; g__Prevotella; s__Prevotella nanceiensis	g__Prevotella
TACAGAGGGTGCGAGCGTTAATCGGATTTACTGGGCGTAAAGCGTGCGTAGGCGGCTAATTGAGTCGGATGTGAAATCCCCGAGCTTAACTTGGGAATTGCATTCGATACTGGTTAGCTAGAGTGTGGGAGAGGATGGTAGAATTCCAGG	ASV_68bb0065fa02	d__Bacteria; p__Proteobacteria; c__Gammaproteobacteria; o__Pseudomonadales_660879; f__Moraxellaceae; g__Acinetobacter	g__Acinetobacter
TACGTAGGGTGCGAGCGTTAATCGGAATTACTGGGCGTAAAGCGGGCGCAGACGGTTACTTAAGCAGGATGTGAAATCCCCGGGCTCAACCTGGGAACTGCGTTCTGAACTGGGTGACTAGAGTGTGTCAGAGGGAGGTAGAATTCCACG	ASV_3f6c45001fd4	d__Bacteria; p__Proteobacteria; c__Gammaproteobacteria; o__Burkholderiales_597441; f__Neisseriaceae_563222; g__Neisseria_563205	g__Neisseria_563205
TACGTAGGGCGCGAGCGTTGTCCGGAATTATTGGGCGTAAAGAGCTCGTAGGCGGCTGGTCGCGTCTGTCGTGAAATCCTCTGGCTTAACTGGGGGCGTGCGGTGGGTACGGGCCGGCTTGAGTGCGGTAGGGGAGGCTGGAATTCCTGG	ASV_32e37483d3ad	d__Bacteria; p__Actinobacteriota; c__Actinomycetia; o__Actinomycetales; f__Actinomycetaceae; g__Actinomyces	g__Actinomyces
TACGGAGGGGGCTAGCGTTGTTCGGAATTACTGGGCGTAAAGCGCACGTAGGCGGACCGGAAAGTTGGGGGTGAAATCCCGGGGCTCAACCTCGGAACTGCCTTCAAAACTACTGGTCTTGAGTTCGAGAGAGGTGAGTGGAATTCCGAG	ASV_109f61c44f75	d__Bacteria; p__Proteobacteria; c__Alphaproteobacteria; o__Rhodobacterales; f__Rhodobacteraceae; g__Paracoccus	g__Paracoccus
TACGGAGGATGCGAGCGTTATTCGGAATCATTGGGTTTAAAGGGTCTGTAGGCGGGCTATTAAGTCAGGGGTGAAAGGTTTCAGCTTAACTGAGAAATTGCCTTTGATACTGGTAGTCTTGAATATCTGTGAAGTTCTTGGAATGTGTAG	ASV_3cc657dfb41c	d__Bacteria; p__Bacteroidota; c__Bacteroidia; o__Flavobacteriales_877923; f__Flavobacteriaceae; g__Capnocytophaga_820690	g__Capnocytophaga_820690
TACGTAGGGTGCGAGCGTTAATCGGAATTACTGGGCGTAAAGCGGGCGCAGACGGTTACTTAAGCAGGATGTGAAATCCCCGGGCTCAACCTGGGAATTGCGTTCTGAACTGGGTAGCTAGAGTGTGTCAGAGGGGGGTAGAATTCCACG	ASV_ecb5027be78b	d__Bacteria; p__Proteobacteria; c__Gammaproteobacteria; o__Burkholderiales_597441; f__Neisseriaceae_563222; g__Neisseria_563205; s__Neisseria oralis	g__Neisseria_563205
TACGTAGGGTCCGAGCGTTGTCCGGAATTATTGGGCGTAAAGGGCTCGTAGGCGGTTTGTCGCGTCGGGAGTGAAAACGCCGGGCTTAACTCGGTGCTTGCTTTCGATACGGGCAGACTAGAGGTATTCAGGGGAGAACGGAATTCCTGG	ASV_b8d57dd00f9f	d__Bacteria; p__Actinobacteriota; c__Actinomycetia; o__Propionibacteriales; f__Nocardioidaceae; g__Nocardioides_A_392796	g__Nocardioides_A_392796
TACGTATGTCACAAGCGTTATCCGGATTTATTGGGCGTAAAGCGCGTCTAGGTGGTTATATAAGTCTGATGTGAAAATGCAGGGCTCAACTCTGTATTGCGTTGGAAACTGTGTAACTAGAGTACTGGAGAGGTAAGCGGAACTACAAGT	ASV_38e3b7abf4e0	d__Bacteria; p__Fusobacteriota; c__Fusobacteriia; o__Fusobacteriales_993521; f__Fusobacteriaceae_993521; g__Fusobacterium_C	g__Fusobacterium_C
TACGTAAGGACCGAGCGTTGTCCGGAATCATTGGGCGTAAAGGGTACGTAGGCGGCTAGAAAAGTTAGAAGTCAAAGGCTATAGCTCAACTATAGTAAGCTTCTAAAACTATTTAGCTTGAGAAATGGAAGGGAAAGTGGAATTCCTAGT	ASV_ad3c8971eae5	d__Bacteria; p__Firmicutes_A; c__Clostridia_258483; o__Tissierellales; f__Peptoniphilaceae; g__Anaerococcus; s__Anaerococcus nagyae	g__Anaerococcus
TACGTAGGGCGCAAGCGTTGTCCGGAATTATTGGGCGTAAAGAGCTTGTAGGTGGCTTGTCGCGTCTGCCGTGAAAACCCGAGGCTCAACCTCGGGCGTGCGGTGGGTACGGGCAGGCTAGAGTGTGGTAGGGGAGACTGGAACTCCTGG	ASV_7e54570d21f0	d__Bacteria; p__Actinobacteriota; c__Actinomycetia; o__Actinomycetales; f__Dermabacteraceae; g__Brachybacterium	g__Brachybacterium
TACGTAGGTGGCAAGCGTTATCCGGAATTATTGGGCGTAAAGCGCGCGTAGGCGGTTTTTTAAGTCTGATGTGAAAGCCCACGGCTCAACCGTGGAGGGTCATTGGAAACTGGAAAACTTGAGTGCAGAAGAGGAAAGTGGAATTCCATG	ASV_47ad35356a9b	d__Bacteria; p__Firmicutes_D; c__Bacilli; o__Staphylococcales; f__Staphylococcaceae; g__Staphylococcus	g__Staphylococcus
TACAGAGGGTGCAAGCGTTAATCGGAATTACTGGGCGTAAAGCGAGCGTAGGTGGCTTGATAAGTCAGATGTGAAATCCCCGGGCTTAACCTGGGAACTGCATCTGATACTGTCAGGCTAGAGTAGGTGAGAGGAAGGTAGAATTCCAGG	ASV_c59a76c70836	d__Bacteria; p__Proteobacteria; c__Gammaproteobacteria; o__Pseudomonadales_660879; f__Moraxellaceae; g__Psychrobacter	g__Psychrobacter
TACGGAGGGTGCGAGCGTTAATCGGAATAACTGGGCGTAAAGGGCACGCAGGCGGCTATTTAAGTGAGGTGTGAAATCCCCGGGCTTAACCTGGGAATTGCATTTCAGACTGGGTAGCTAGAGTACTTTAGGGAGGGGTAGAATTCCACG	ASV_15dd83460074	d__Bacteria; p__Proteobacteria; c__Gammaproteobacteria; o__Enterobacterales_A_737866; f__Pasteurellaceae; g__Aggregatibacter_736122	g__Aggregatibacter_736122
TACGGAGGGTGCGAGCGTTAATCGGAATGACTGGGCGTAAAGGGCACGCAGGCGGGTTGTTAAGTGAGATGTGAAAGCCCCGGGCTTAACCTGGGAATTGCATTTCAGACTGGCAATCTAGAGTATTTTAGGGAGGGGTAGAATTCCACG	ASV_9bbe5054cf0b	d__Bacteria; p__Proteobacteria; c__Gammaproteobacteria; o__Enterobacterales_A_737866; f__Pasteurellaceae; g__Frederiksenia	g__Frederiksenia
TACGGAGGGTGCGAGCGTTAATCGGAATTACTGGGCGTAAAGCGCATGCAGGTGGTTTGTTAAGTCAGATGTGAAAGCCCGGGGCTCAACCTCGGAAGGTCATTTGAAACTGGCAAACTAGAGTACTGTAGAGGGGGGTAGAATTTCAGG	ASV_4364d8c8bb54	d__Bacteria; p__Proteobacteria; c__Gammaproteobacteria; o__Enterobacterales_A_737866; f__Vibrionaceae; g__Vibrio_678715	g__Vibrio_678715
TACGGAGGATACGAGCGTTATCCGGAATTATTGGGTTTAAAGGGTGCGTAGGTGGCGTATTAAGTCAGTGGTGAAAAGCTGCAGCTCAACTGTAGTCTTGCCGTTGAAACTGATATGCTAGAGAGGAGACGAGGTATGCGGAATGTGTGG	ASV_ea0ff7a003ae	d__Bacteria; p__Bacteroidota; c__Bacteroidia; o__Bacteroidales; f__Porphyromonadaceae; g__Porphyromonas_A_859424; s__Porphyromonas_A_859424 endodontalis	g__Porphyromonas_A_859424
TACGGAAGGTTCGGGCGTTATCCGGATTTATTGGGTTTAAAGGGAGCGTAGGCCGTTTGGTAAGCGTGTTGTGAAATGTAGGAGCTCAACTTCTAGATTGCAGCGCGAACTGTCAGACTTGAGTGCGCACAACGTAGGCGGAATTCATGG	ASV_651794369aeb	d__Bacteria; p__Bacteroidota; c__Bacteroidia; o__Bacteroidales; f__Bacteroidaceae; g__Prevotella; s__Prevotella bivia	g__Prevotella
TACAGAGGGTGCAAGCGTTAATCGGAATTACTGGGCGTAAAGCGAGCGTAGGTGGTCATTTAAGTCAGATGTGAAATCCCCGGGCTTAACCTGGGAACCGCATCTGATACTGGGTGACTAGAGTAGGTGAGAGGGAAGTAGAATTCCAGG	ASV_5b94ffc28f6b	d__Bacteria; p__Proteobacteria; c__Gammaproteobacteria; o__Pseudomonadales_660879; f__Moraxellaceae; g__Moraxella_C_651924	g__Moraxella_C_651924
TACGAAGGGGGCTAGCGTTGCTCGGAATTACTGGGCGTAAAGGGAGCGTAGGCGGACTGTTTAGTCAGAGGTGAAAGCCCAGGGCTCAACCTTGGAATTGCCTTTGATACTGGCAGTCTTGAGTACGGAAGAGGTATGTGGAACTCCGAG	ASV_e188a072d518	d__Bacteria; p__Proteobacteria; c__Alphaproteobacteria; o__Caulobacterales; f__Caulobacteraceae; g__Caulobacter_487784	g__Caulobacter_487784
TACGGAGGGGGCTAGCGTTGTTCGGAATTACTGGGCGTAAAGCGCACGTAGGCGGCTTTGTAAGTTAGAGGTGAAAGCCTGGAGCTCAACTCCAGAACTGCCTTTAAGACTGCATCGCTTGAATCCAGGAGAGGTGAGTGGAATTCCGAG	ASV_4791ef3a6c7b	d__Bacteria; p__Proteobacteria; c__Alphaproteobacteria; o__Sphingomonadales; f__Sphingomonadaceae; g__Sphingomonas_L_486704	g__Sphingomonas_L_486704
TACGAAGGGTGCAAGCGTTACTCGGAATTACTGGGCGTAAAGCGTGCGTAGGTGGTTCGTTAAGTCTGATGTGAAAGCCCTGGGCTCAACCTGGGAACTGCATTGGATACTGGCGATCTGGAGTGCGGTAGAGGGTAGCGGAATTCCCGG	ASV_3c9ade48fea6	d__Bacteria; p__Proteobacteria; c__Gammaproteobacteria; o__Xanthomonadales_616009; f__Xanthomonadaceae_616009; g__Lysobacter_A_615995	g__Lysobacter_A_615995
TACGTAGGGTGCGAGCGTTGTCCGGAATTACTGGGCGTAAAGAGCTCGTAGGTGGTTTGTCGCGTCGTCTGTGAAATTCTGGGGCTTAACTCCGGGCGTGCAGGCGATACGGGCATAACTTGAGTGCTGTAGGGGTAACTGGAATTCCTG	ASV_4c8dd7804846	d__Bacteria; p__Actinobacteriota; c__Actinomycetia; o__Mycobacteriales; f__Mycobacteriaceae; g__Corynebacterium	g__Corynebacterium
TACGTAGGGTGCGAGCGTTGTCCGGAATTACTGGGCGTAAAGAGCTCGTAGGTGGTTTGTCGCGTCGTTTGTGTAAGTCCACGGCTTAACTGTGGGATGGCAGGCGATACGGGCATAACTTGAGTGCTGTAGGGGAGACTGGAATTCCTG	ASV_c1a6ca9805bf	d__Bacteria; p__Actinobacteriota; c__Actinomycetia; o__Mycobacteriales; f__Mycobacteriaceae; g__Corynebacterium; s__Corynebacterium sanguinis	g__Corynebacterium
TACGGAAGGTCCAGGCGTTATCCGGATTTATTGGGTTTAAAGGGAGCGTAGGCGGATTATTAAGTCAGTGGTGAAAGACGGTGGCTCAACCATCGTTAGCCATTGAAACTGGTAGTCTTGAGTGCAGACAGGGATGCTGGAACTCGTGGT	ASV_7217df85b161	d__Bacteria; p__Bacteroidota; c__Bacteroidia; o__Bacteroidales; f__Bacteroidaceae; g__Alloprevotella; s__Alloprevotella sp900095835	g__Alloprevotella
TACGTATGTCACAAGCGTTATCCGGATTTATTGGGCGTAAAGCGCGTCTAGGTGGTTATGTAAGTCTGATGTGAAAATGCAGGGCTCAACTCTGTATTGCGTTGGAAACTGCATGACTAGAGTACTGGAGAGGTAAGCGGAACTACAAGT	ASV_c5adecb440a6	d__Bacteria; p__Fusobacteriota; c__Fusobacteriia; o__Fusobacteriales_993521; f__Fusobacteriaceae_993521; g__Fusobacterium_C; s__Fusobacterium_C periodonticum_D	g__Fusobacterium_C
TACGTAGGGTGCGAGCGTTGTCCGGAATTACTGGGCGTAAAGAGCTCGTAGGTGGTTTGTCGCGTCGTTTGTGGAAGTCCACGGCTTAACTGTGGGACTGCAGGCGATACGGGCATAACTTGAGTGCTGTAGGGGAGACTGGAATTCCTG	ASV_7873b4eeda06	d__Bacteria; p__Actinobacteriota; c__Actinomycetia; o__Mycobacteriales; f__Mycobacteriaceae; g__Corynebacterium; s__Corynebacterium riegelii	g__Corynebacterium
TACGGAGGATCCGAGCGTTATCCGGATTTATTGGGTTTAAAGGGAGCGTAGGTGGATTGTTAAGTCAGTTGTGAAAGTTTGCGGCTCAACCGTAAAATTGCAGTTGAAACTGGCAGTCTTGAGTACAGTAGAGGTGGGCGGAATTCGTGG	ASV_c162a4f39432	d__Bacteria; p__Bacteroidota; c__Bacteroidia; o__Bacteroidales; f__Bacteroidaceae; g__Bacteroides_H	g__Bacteroides_H
TACGTATGTCCCGAGCGTTATCCGGATTTATTGGGCGTAAAGCGAGCGCAGACGGTTGGTTAAGTCTGATGTGAAAGCCCGGAGCTCAACTCCGGAAAGGCATTGGAAACTGGTTAACTTGAGTGCAGTAGAGGTAAGTGGAACTCCATG	ASV_d9a4fd5f7177	d__Bacteria; p__Firmicutes_D; c__Bacilli; o__Lactobacillales; f__Lactobacillaceae; g__Leuconostoc_B; s__Leuconostoc_B carnosum	g__Leuconostoc_B
TACGGAGGGTGCAAGCGTTAATCGGAATTACTGGGCGTAAAGCGCACGCAGGCGGTTGGATAAGTTAGATGTGAAAGCCCCGGGCTCAACCTGGGAATTGCATTTAAAACTGTCCAGCTAGAGTCTTGTAGAGGGGGGTAGAATTCCAGG	ASV_72bee54ab489	d__Bacteria; p__Proteobacteria; c__Gammaproteobacteria; o__Enterobacterales_A_737866; f__Aeromonadaceae; g__Aeromonas	g__Aeromonas
TACGTAGGGTGCGAGCGTTGTCCGGAATTACTGGGCGTAAAGAGCTCGTAGGTGGTTTGTCGCGTCGTTTGTGGAATACCGCAGCTTAACTGCGGGGTTGCAGGCGATACGGGCATAACTTGAGTGCTGTAGGGGAGACTGGAATTCCTG	ASV_d5b4f33a93b1	d__Bacteria; p__Actinobacteriota; c__Actinomycetia; o__Mycobacteriales; f__Mycobacteriaceae; g__Corynebacterium	g__Corynebacterium
TACGAAGGGGGCTAGCGTTGTTCGGAATTACTGGGCGTAAAGCGCACGTAGGCGGATATTTAAGTCAGGGGTGAAATCCCGCAGCTCAACTGCGGAACTGCCTTTGATACTGGGTATCTTGAGTATGGAAGAGGTAAGTGGAATTCCGAG	ASV_0cdc26df2e33	d__Bacteria; p__Proteobacteria; c__Alphaproteobacteria; o__Rhizobiales_A_500471; f__Rhizobiaceae_A_500471; g__Agrobacterium	g__Agrobacterium
TACGTAGGGTGCGAGCGTTGTCCGGAATTACTGGGCGTAAAGAGCTCGTAGGTGGTTTGTCGCGTCGTTTGTGTAAGCCCGCAGCTTAACTGCGGGACTGCAGGCGATACGGGCATAACTTGAGTGCTGTAGGGGAGACTGGAATTCCTG	ASV_51c999131379	d__Bacteria; p__Actinobacteriota; c__Actinomycetia; o__Mycobacteriales; f__Mycobacteriaceae; g__Corynebacterium	g__Corynebacterium
TACGTAGGGCGCAAGCGTTATCCGGAATTATTGGGCGTAAAGAGCTCGTAGGCGGTTTGTCGCGTCTGCCGTGAAAGTCCGGGGCTTAACTCCGGATCTGCGGTGGGTACGGGCAGACTTGAGTGATGTAGGGGAGACTGGAATTCCTGG	ASV_2574c143e254	d__Bacteria; p__Actinobacteriota; c__Actinomycetia; o__Actinomycetales; f__Micrococcaceae; g__Arthrobacter_D	g__Arthrobacter_D
TACGTATGTCACGAGCGTTATCCGGATTTATTGGGCGTAAAGCGCGTCTAGGTGGTTATATAAGTCTGATGTGAAAATGCAGGGCTCAACTCTGTATTGCGTTGGAAACTGTATAACTAGAGTACTGGAGAGGTAAGCGGAACTACAAGT	ASV_a8a8f3c44829	d__Bacteria; p__Fusobacteriota; c__Fusobacteriia; o__Fusobacteriales_993521; f__Fusobacteriaceae_993521; g__Fusobacterium_C	g__Fusobacterium_C
TACGTAGGGCGCGAGCGTTGTCCGGAATTATTGGGCGTAAAGGGCTTGTAGGCGGCTTGTCGCGTCTGCCGTGAAAACCCGGGGCTTAACTCCGGGCTTGCGGTGGGTACGGGCTGGCTTGAGTGCGGTAGGGGAGACTGGAATTCCTGG	ASV_a0190b5e13eb	d__Bacteria; p__Actinobacteriota; c__Actinomycetia; o__Actinomycetales; f__Actinomycetaceae; g__Pauljensenia; s__Pauljensenia canis	g__Pauljensenia
TACGTAGGGTGCGAGCGTTGTCCGGAATTACTGGGCGTAAAGAGCTCGTAGGCGGTTTGTCACGTCGTCTGTGAAATCCTAGGGCTTAACCCTGGACGTGCAGGCGATACGGGCTGACTTGAGTACTACAGGGGAGACTGGAATTTCTGG	ASV_3df77157a242	d__Bacteria; p__Actinobacteriota; c__Actinomycetia; o__Mycobacteriales; f__Mycobacteriaceae; g__Lawsonella; s__	g__Lawsonella
TACGTAGGGTGCGAGCGTTGTCCGGAATTACTGGGCGTAAAGGGCTCGTAGGTGGTTTGTCGCGTCGTCTGTGAAATTCCGGGGCTTAACTCCGGGCGTGCAGGCGATACGGGCATAACTTGAGTACTGTAGGGGTAACTGGAATTCCTG	ASV_7db357a4adb4	d__Bacteria; p__Actinobacteriota; c__Actinomycetia; o__Mycobacteriales; f__Mycobacteriaceae; g__Corynebacterium	g__Corynebacterium
TACGTAGGGTGCAAGCGTTATCCGGAATTATTGGGCGTAAAGGGCTCGTAGGCGGTTCGTCGCGTCCGGTGTGAAAGTCCATCGCTTAACGGTGGATCCGCGCCGGGTACGGGCGGGCTTGAGTGCGGTAGGGGAGACTGGAATTCCCGG	ASV_e2c3ff4f6471	d__Bacteria; p__Actinobacteriota; c__Actinomycetia; o__Actinomycetales; f__Bifidobacteriaceae; g__Bifidobacterium_388775	g__Bifidobacterium_388775
TACGTAGGGCGCGAGCGTTGTCCGGAATTATTGGGCGTAAAGAGCTTGTAGGCGGTTGGTCGCGTCTGCTGTGAAAGGCTGGGGCTTAACCCTGGTTTTGCAGTGGGTACGGGCTAACTAGAGTGCAGTAGGGGAGACTGGAATTCCTGG	ASV_83aed15ae132	d__Bacteria; p__Actinobacteriota; c__Actinomycetia; o__Actinomycetales; f__Micrococcaceae; g__Rothia; s__Rothia dentocariosa	g__Rothia
TACGGAAGGTCCAGGCGTTATCCGGATTTATTGGGTTTAAAGGGAGCGTAGGCGGATTGTTAAGTCAGCGGTTAAAGGGTGTGGCTCAACCATACATTGCCGTTGAAACTGGCGATCTTGAGTGCAGACAGGGATGCCGGAATTCGTGGT	ASV_6e70d256d374	d__Bacteria; p__Bacteroidota; c__Bacteroidia; o__Bacteroidales; f__Bacteroidaceae; g__Alloprevotella; s__Alloprevotella sp003859795	g__Alloprevotella
TACGAAGGGTGCAAGCGTTACTCGGAATTACTGGGCGTAAAGCGTGCGTAGGTGGTTGTTTAAGTCTGTTGTGAAAGCCCTGGGCTCAACCTGGGAATTGCAGTGGATACTGGGCGACTAGAGTGTGGTAGAGGGTAGTGGAATTCCCGG	ASV_74b7dc5aa537	d__Bacteria; p__Proteobacteria; c__Gammaproteobacteria; o__Xanthomonadales_616009; f__Xanthomonadaceae_616009; g__Stenotrophomonas_A_615274; s__Stenotrophomonas_A_615274 rhizophila	g__Stenotrophomonas_A_615274
TACGTAGGGTGCGAGCGTTGTCCGGAATTACTGGGCGTAAAGAGCTCGTAGGTGGTTTGTTGCGTCGTCTGTGAAATTCCGGGGCTTAACTTCGGGGTGGCAGGCGATACGGGCATAACTAGAGTGCTGTAGGGGAGACTGGAATTCCTG	ASV_70dce344c108	d__Bacteria; p__Actinobacteriota; c__Actinomycetia; o__Mycobacteriales; f__Mycobacteriaceae; g__Corynebacterium; s__Corynebacterium matruchotii	g__Corynebacterium
TACAGAGGGTGCAAGCGTTAATCGGAATTACTGGGCGTAAAGCGCGCGTAGGTGGTTTGTTAAGTCGGATGTGAAATCCCAGGGCTCAACCTTGGAATGGCACCCGATACTGGCAGGCTAGAGTATGGTAGAGGGGTGTGGAATTTCCTG	ASV_9e4622b73040	d__Bacteria; p__Proteobacteria; c__Gammaproteobacteria; o__Pseudomonadales_641035; f__Marinomonadaceae; g__Marinomonas	g__Marinomonas
TACGTAGGTGGCAAGCGTTATCCGGAATTATTGGGCGTAAAGCGCGCGTAGGCGGTTTCTTAAGTCTGATGTGAAAGCCCACGGCTCAACCGTGGAGGGTCATTGGAAACTGGGAAACTTGAGTACAGAAGAGGAAAGTGGAATTCCATG	ASV_537e2908816d	d__Bacteria; p__Firmicutes_D; c__Bacilli; o__Staphylococcales; f__Staphylococcaceae; g__Staphylococcus	g__Staphylococcus
TACGTAGGGCGCGAGCGTTGTCCGGAATTATTGGGCGTAAAGAGCTTGTAGGCGGTTTGTCGCGTCTGCTGTGAAAGGCCGGAGCTTAACTCCGTGTATTGCAGTGGGTACGGGCAGACTAGAGTGCAGTAGGGGAGACTGGAATTCCTG	ASV_3ee072a59b45	d__Bacteria; p__Actinobacteriota; c__Actinomycetia; o__Actinomycetales; f__Micrococcaceae; g__Rothia; s__Rothia sp001808955	g__Rothia
TACGTAGGTGGCAAGCGTTGTCCGGATTTATTGGGCGTAAAGCGAGCGCAGGCGGAATGATAAGTCTGATGTGAAAGCCCACGGCTCAACCGTGGAACTGCATCGGAAACTGTCATTCTTGAGTGCAGAAGAGGAGAGTGGAATTCCATG	ASV_3cc53c481fda	d__Bacteria; p__Firmicutes_D; c__Bacilli; o__Lactobacillales; f__Lactobacillaceae; g__Lactobacillus	g__Lactobacillus
TACGTAGGGTACAAGCGTTGTCCGGAATTATTGGGCGTAAAGAGCTCGTAGGTGGTTTGTCGCGTCTGCTGTGGAATCGTGCCGCTTAACGGTGCGCGTGCAGTGGGTACGGGCAGACTGGAGTGCAGTAGGGGAGTCTGGAATTCCTGG	ASV_a0ef05b14338	d__Bacteria; p__Actinobacteriota; c__Actinomycetia; o__Actinomycetales; f__Brevibacteriaceae; g__Brevibacterium; s__Brevibacterium ravenspurgense	g__Brevibacterium
TACGAAGGGGGCTAGCGTTGCTCGGAATCACTGGGCGTAAAGCGCACGTAGGCGGACTCTTAAGTCGGTGGTGAAATCCTGGAGCTCAACTCCAGAACTGCCTTCGATACTGGGAGTCTCGAGTTCGGGAGAGGTGAGTGGAACTGCGAG	ASV_89e721e2a0e0	d__Bacteria; p__Proteobacteria; c__Alphaproteobacteria; o__Rhizobiales_A_504705; f__Xanthobacteraceae_503485; g__P52-10; s__P52-10 sp000516555	g__P52-10
TACGTAGGGTGCGAGCGTTGTCCGGAATTACTGGGCGTAAAGAGCTCGTAGGCGGTTTGTCACGTCGTCTGTGAAATCCCTCGGCTTAACCGGGGGCGTGCAGGCGATACGGGCAGACTTGAGTACTACAGGGGAGACTGGAATTCCTGG	ASV_78f749847805	d__Bacteria; p__Actinobacteriota; c__Actinomycetia; o__Mycobacteriales; f__Mycobacteriaceae; g__Dietzia	g__Dietzia
TACGTAGGTGGCAAGCGTTGTCCGGAATTATTGGGCGTAAAGCGCGCGCAGGTGGTTTAATAAGTCTGATGTGAAAGCCCACGGCTCAACCGTGGAGGGTCATTGGAAACTGTTAAACTTGAGTGCAGGAGAGAAAAGTGGAATTCCTAG	ASV_9d4e16844252	d__Bacteria; p__Firmicutes_D; c__Bacilli; o__Staphylococcales; f__Gemellaceae; g__Gemella	g__Gemella
TACGGAGGGTGCGAGCGTTAATCGGAATAACTGGGCGTAAAGGGCACGCAGGCGGACTTTTAAGTGAGGTGTGAAATCCCCGGGCTTAACCTGGGAATTGCATTTCAGACTGGGGGTCTAGAGTACTTTAGGGAGGGGTAGAATTCCACG	ASV_cdce04d738e5	d__Bacteria; p__Proteobacteria; c__Gammaproteobacteria; o__Enterobacterales_A_737866; f__Pasteurellaceae; g__Aggregatibacter_736122	g__Aggregatibacter_736122
TACGGAAGGTCCAGGCGTTATCCGGATTTATTGGGTTTAAAGGGAGCGTAGGCCGGAGATTAAGTGTGTTGTGAAATGTAGACGCTCAACGTCTGACTTGCAGCGCATACTGGTTTCCTTGAGTACGCACAACGTTGGCGGAATTCGTCG	ASV_813e360ac69c	d__Bacteria; p__Bacteroidota; c__Bacteroidia; o__Bacteroidales; f__Bacteroidaceae; g__Prevotella	g__Prevotella
TACGTAGGTGGCAAGCGTTGTCCGGAATTATTGGGCGTAAAGCGCGCGCAGGCGGATCAGTCAGTCTGTCTTAAAAGTTCGGGGCTTAACCCCGTGATGGGATGGAAACTGCTGATCTAGAGTATCGGAGAGGAAAGTGGAATTCCTAGT	ASV_29bb5fa7f45e	d__Bacteria; p__Firmicutes_C; c__Negativicutes; o__Veillonellales; f__Veillonellaceae; g__Veillonella_A	g__Veillonella_A
TACGAAGGGGGCTAGCGTTGCTCGGAATCACTGGGCGTAAAGGGTGCGTAGGCGGGTCTTTAAGTCAGGGGTGAAATCCTGGAGCTCAACTCCAGAACTGCCTTTGATACTGAAGATCTTGAGTTCGGGAGAGGTGAGTGGAACTGCGAG	ASV_053c4d5b8717	d__Bacteria; p__Proteobacteria; c__Alphaproteobacteria; o__Rhizobiales_A_504705; f__Xanthobacteraceae_503485; g__Bradyrhizobium	g__Bradyrhizobium
TACGGAGGGTGCGAGCGTTAATCGGAATGACTGGGCGTAAAGGGCACGCAGGCGGATTGTTAAGTGAGATGTGAAAGCCCCGGGCTTAACCTGGGAATTGCATTTCAGACTGGCAATCTAGAGTATTTTAGGGAGGGGTAGAATTCCACG	ASV_b33e197581db	d__Bacteria; p__Proteobacteria; c__Gammaproteobacteria; o__Enterobacterales_A_737866; f__Pasteurellaceae; g__Frederiksenia	g__Frederiksenia
TACGTAGGTGGCAAGCGTTGTCCGGATTTATTGGGCGTAAAGCGAGCGCAGGCGGAAGAATAAGTCTGATGTGAAAGCCCTCGGCTTAACCGAGGAACTGCATCGGAAACTGTTTTTCTTGAGTGCAGAAGAGGAGTGTGGAACTCCATG	ASV_0a496029bf10	d__Bacteria; p__Firmicutes_D; c__Bacilli; o__Lactobacillales; f__Lactobacillaceae; g__Lactobacillus	g__Lactobacillus
TACGTAGGGTGCGAGCGTTGTCCGGAATTACTGGGCGTAAAGAGCTCGTAGGTGGTTTGTCGCGTCGTCTGTGAAATCCCGGGGCTTAACTTCGGGCGTGCAGGCGATACGGGCATAACTAGAGTGCTGTAGGGGAGACTGGAATTCCTG	ASV_df739673144b	d__Bacteria; p__Actinobacteriota; c__Actinomycetia; o__Mycobacteriales; f__Mycobacteriaceae; g__Corynebacterium	g__Corynebacterium
TACGTATGTCGCAAGCGTTATCCGGAATTATTGGGCATAAAGGGCATCTAGGCGGCCCTGTAAGTCTAGGGTGAAAACCTGCGGCTCAACCGCAGGCCTGCCCCGGAAACTACAGGGCTAGAGTATCGGAGAGGTGGACGGAACTGCACG	ASV_37b947daa0ac	d__Bacteria; p__Fusobacteriota; c__Fusobacteriia; o__Fusobacteriales_993777; f__Leptotrichiaceae; g__Leptotrichia_A_993758; s__Leptotrichia_A_993758 hongkongensis	g__Leptotrichia_A_993758
TACGGAGGGCGCGAGCGTTACCCGGATTCACTGGGCGTAAAGGGCGTGTAGGCGGCCTGGGGCGTCCCATGTGAAAGACCACGGCTCAACCGTGGGGGAGCGTGGGATACGCTCAGGCTAGACGGTGGGAGAGGGTGGTGGAATTCCCGG	ASV_2c4b30ff9f23	d__Bacteria; p__Deinococcota; c__Deinococci; o__Deinococcales; f__Thermaceae_405955; g__Thermus_A; s__Thermus_A thermophilus	g__Thermus_A
TACGTAGGGTGCGAGCGTTAATCGGAATTACTGGGCGTAAAGCGGGCGCAGACGGTTACTTAAGCAAGATGTGAAATCCCCGAGCTTAACTTGGGAACTGCGTTTTGAACTGGGTAGCTAGAGTGTGTCAGAGGGGGGTAGAATTCCACG	ASV_1030bfcdb2f0	d__Bacteria; p__Proteobacteria; c__Gammaproteobacteria; o__Burkholderiales_597441; f__Neisseriaceae_563222; g__Conchiformibius; s__Conchiformibius kuhniae	g__Conchiformibius
TACGAAGGGTGCAAGCGTTACTCGGAATTACTGGGCGTAAAGCGTGCGTAGGTGGTCGTTTAAGTCCGTTGTGAAAGCCCTGGGCTCAACCTGGGAACTGCAGTGGATACTGGGCGACTAGAGTGTGGTAGAGGGTAGCGGAATTCCTGG	ASV_9695acecaba7	d__Bacteria; p__Proteobacteria; c__Gammaproteobacteria; o__Xanthomonadales_616009; f__Xanthomonadaceae_616009; g__Stenotrophomonas_A_615274	g__Stenotrophomonas_A_615274
TACGGAAGGTCCAGGCGTTATCCGGATTTATTGGGTTTAAAGGGAGTGTAGGCGGTCTGTTAAGCGTGTTGTGAAATTTAGGTGCTCAACATCTACCTTGCAGCGCGAACTGGCGGACTTGAGTGCACGCAACGTATGCGGAATTCATGG	ASV_49b6d0b43a5b	d__Bacteria; p__Bacteroidota; c__Bacteroidia; o__Bacteroidales; f__Bacteroidaceae; g__Prevotella; s__Prevotella intermedia	g__Prevotella
TACGTAGGGTGCAAGCGTTAATCGGAATTACTGGGCGTAAAGCGTGCGCAGGCGGTTTTGTAAGTCTGACGTGAAAGCCCCGGGCTCAACCTGGGAATTGCGTTGGAGACTGCAAGGCTTGAATCTGGCAGAGGGGGGTAGAATTCCACG	ASV_5483c27bcc0a	d__Bacteria; p__Proteobacteria; c__Gammaproteobacteria; o__Burkholderiales_592524; f__Burkholderiaceae_A_574758; g__Massilia	g__Massilia
TACGTAGGTGACAAGCGTTGTCCGGATTTATTGGGCGTAAAGCGAGCGCAGGCGGTCCGGTAAGTCTGATGTGAAAGCCCACGGCTCAACCGTGGAACGGCATTGGAAACTGGCGGACTTGAATGTAGCAGAGGAAAGTGGAATTCCATG	ASV_26c05ece4836	d__Bacteria; p__Firmicutes_D; c__Bacilli; o__Lactobacillales; f__Carnobacteriaceae; g__Alloiococcus; s__Alloiococcus otitis	g__Alloiococcus
TACGTAGGGCGCGAGCGTTGTCCGGAATTATTGGGCGTAAAGAGCTTGTAGGCGGTTTGTCGCGTCTGCTGTGAAAGGCCGGGGCTTAACCCCGTGTATTGCAGTGGGTACGGGCAGACTAGAGTGCAGTAGGGGAGACTGGAATTCCTG	ASV_29e53aaab03b	d__Bacteria; p__Actinobacteriota; c__Actinomycetia; o__Actinomycetales; f__Micrococcaceae; g__Rothia	g__Rothia
TACGTAAGGGGCGAGCGTTGTCCGGAATTATTGGGCGTAAAGAGTGCGTAGGCGGCAAATTAAGTCAGATGTGAAAACTAAGGGCTCAACCCATAGATTGCATCTGAAACTGATATGCTTGAGTCAAGGAGAGGAAAGTGGAATTCCTAG	ASV_2a2947125c67	d__Bacteria; p__Firmicutes_A; c__Clostridia_258483; o__Tissierellales; f__Peptoniphilaceae; g__Fenollaria; s__Fenollaria massiliensis	g__Fenollaria
TACGTAGGGGGCTAGCGTTGTCCGGAATCACTGGGCGTAAAGGGTTCGCAGGCGGAAATGCAAGTCAGATGTAAAAGGCAGTAGCTTAACTACTGTAAGCATTTGAAACTGCATATCTTGAGAAGAGTAGAGGTAAGTGGAATTTTTAGT	ASV_f83744369665	d__Bacteria; p__Firmicutes_A; c__Clostridia_258483; o__Tissierellales; f__Peptoniphilaceae; g__Peptoniphilus_A	g__Peptoniphilus_A
TACGTAGGGCGCAAGCGTTATCCGGAATTATTGGGCGTAAAGAGCTTGTAGGCGGTTCGTCGCGTCTGGTGTGAAAGCCCATCGCTTAACGGTGGGTTTGCGCCGGGTACGGGCGGGCTAGAGTGCAGTAGGGGAGACTGGAATTCCCGG	ASV_ad1e03033daf	d__Bacteria; p__Actinobacteriota; c__Actinomycetia; o__Actinomycetales; f__Bifidobacteriaceae; g__Bifidobacterium_388775	g__Bifidobacterium_388775
TACGTAGGTGGCAAGCGTTGTCCGGATTTATTGGGCGTAAAGCGAGCGCAGGCGGATTGATAAGTCTGATGTGAAAGCCTTCGGCTCAACCGAAGAACTGCATCAGAAACTGTCAATCTTGAGTGCAGAAGAGGAGAGTGGAACTCCATG	ASV_ba70ebcf8e20	d__Bacteria; p__Firmicutes_D; c__Bacilli; o__Lactobacillales; f__Lactobacillaceae; g__Lactobacillus	g__Lactobacillus
TACGTAGGTGGCGAGCGTTGTCCGGATTTATTGGGCGTAAAGGGAGTGTAGGCGGTCTTTTAAGTCTGATGTGAAAGCCCACGGCTCAACCGTGGAGGGTCATTGGAAACTGGGAGACTTGAGTGCAGAAGAGGAGAGCGGAATTCCATG	ASV_9886d89016c5	d__Bacteria; p__Firmicutes_D; c__Bacilli; o__Lactobacillales; f__Aerococcaceae; g__Abiotrophia; s__Abiotrophia defectiva	g__Abiotrophia
TACGTATGGTGCAAGCGTTATCCGGATTTACTGGGTGTAAAGGGAGCGCAGGCGGTGCGGCAAGTCTGATGTGAAAGCCCGGGGCTCAACCCCGGTACTGCATTGGAAACTGTCGTACTAGAGTGTCGGAGGGGTAAGCGGAATTCCTAG	ASV_8937656c16c2	d__Bacteria; p__Firmicutes_A; c__Clostridia_258483; o__Lachnospirales; f__Lachnospiraceae; g__Agathobacter_164117	g__Agathobacter_164117
TACGTAGGGTGCGAGCGTTGTCCGGAATTACTGGGCGTAAAGAGCTCGTAGGTGGTTTGTCGCGTCGTCTGTGAAATCCCGAGGCTTAACTTCGGGCGTGCAGGCGATACGGGCAAGCTGGAGTGCTGTAGGGGAGACTGGAATTCCTGG	ASV_bc292dc97571	d__Bacteria; p__Actinobacteriota; c__Actinomycetia; o__Mycobacteriales; f__Mycobacteriaceae; g__Corynebacterium	g__Corynebacterium
TACGTAGGTCCCGAGCGTTGTCCGGATTTATTGGGCGTAAAGGGAGCGCAGGCGGTTTAGTAAGTCTGAAGTTAAAGGCATTGGCTCAACCAATGTATGCTTTGGAAACTGTTAGACTTGAGTGCAGAAGGGGAGAGTGGAATTCCATGT	ASV_a83aa64b8e83	d__Bacteria; p__Firmicutes_D; c__Bacilli; o__Lactobacillales; f__Streptococcaceae; g__Streptococcus	g__Streptococcus
TACAGAGGGTGCGAGCGTTAATCGGATTTACTGGGCGTAAAGCGTGCGTAGGCGGCTTTTTAAGTCGGATGTGAAATCCCTGAGCTTAACTTAGGAATTGCATTCGATACTGGGAAGCTAGAGTATGGGAGAGGATGGTAGAATTCCAGG	ASV_6e8986f8088b	d__Bacteria; p__Proteobacteria; c__Gammaproteobacteria; o__Pseudomonadales_660879; f__Moraxellaceae; g__Acinetobacter	g__Acinetobacter
TACGTAGGTCCCGAGCGTTGTCCGGATTTATTGGGCGTAAAGCGAGCGCAGGTGGTTTATTAAGTCTGGTGTAAAAGGCAGTGGCTCAACCATTGTATGCATTGGAAACTGGTAGACTTGAGTGCAGGAGAGGAGAGTGGAATTCCATGT	ASV_9f74473636e6	d__Bacteria; p__Firmicutes_D; c__Bacilli; o__Lactobacillales; f__Streptococcaceae; g__Lactococcus_A_346120	g__Lactococcus_A_346120
TACGTAGGGTGCGAGCGTTGTCCGGATTTACTGGGCGTAAAGGGCTCGTAGGTGGTGTGTCGCGTCGTCTGTGTAATCCAGGGGCTTAACTTTTGGTTGGCAGGCGATACGGGCATTGCTTGAGTGCTGTAGGGGAGACTGGAATTCCTG	ASV_ffd98ab548a4	d__Bacteria; p__Actinobacteriota; c__Actinomycetia; o__Mycobacteriales; f__Mycobacteriaceae; g__Corynebacterium; s__Corynebacterium glucuronolyticum	g__Corynebacterium
TACGTAGGGTGCGAGCGTTAATCGGAATTACTGGGCGTAAAGCGTGCGCAGGCGGCTTTGCAAGACAGAGGTGAAATCCCCGGGCTCAACCTGGGAACTGCCTTTGTGACTGCAAGGCTAGAGTACGGCAGAGGGGGATGGAATTCCGCG	ASV_e62c251a875b	d__Bacteria; p__Proteobacteria; c__Gammaproteobacteria; o__Burkholderiales_592522; f__Burkholderiaceae_A_592522; g__Aquabacterium_B_592457; s__Aquabacterium_B_592457 parvum	g__Aquabacterium_B_592457
TACGGAAGGTCCAGGCGTTATCCGGATTTATTGGGTTTAAAGGGAGCGTAGGCTGGATATTAAGTGTGTTGTGAAATGTAGACGCTCAACGTCTGACTTGCAGCGCATACTGGTTTCCTTGAGTACGCACAACGTTGGCGGAATTCGTCG	ASV_fe87c08549ff	d__Bacteria; p__Bacteroidota; c__Bacteroidia; o__Bacteroidales; f__Bacteroidaceae; g__Prevotella; s__Prevotella melaninogenica	g__Prevotella
TACGTATGGACCGAGCGTTGTCCGGAATCATTGGGCGTAAAGGGTACGTAGGCGGCCTAATAAGTTAGAAGTGAAAGAATATAGCTCAACTATATAAAGCTTTTAAAACTGTTAGGCTTGAGAGATGAAAGGGAAAGTGGAATTCCTAGT	ASV_934fa9f5be13	d__Bacteria; p__Firmicutes_A; c__Clostridia_258483; o__Tissierellales; f__Peptoniphilaceae; g__Anaerococcus; s__Anaerococcus senegalensis	g__Anaerococcus
TACGAAGGGGGCTAGCGTTGCTCGGAATTACTGGGCGTAAAGGGAGCGTAGGCGGACATTTAAGTCAGGGGTGAAATCCCGGGGCTCAACCTCGGAATTGCCTTTGATACTGGGTGTCTTGAGTATGAGAGAGGTGTGTGGAACTCCGAG	ASV_ee084a976fc8	d__Bacteria; p__Proteobacteria; c__Alphaproteobacteria; o__Caulobacterales; f__Caulobacteraceae; g__Brevundimonas	g__Brevundimonas
TACGTAGGTGGCAAGCGTTATCCGGAATTATTGGGCGTAAAGCGCGCGTAGGCGGTAAAATAAGTCTGATGTGAAAGCCCCCGGCTCAACCGGGGAGGGTCATTGGAAACTGTTTTACTTGAGTACAGAAGAGGAGAGTGGAATTCCATG	ASV_524b3ca67929	d__Bacteria; p__Firmicutes_D; c__Bacilli; o__Staphylococcales; f__Salinicoccaceae; g__Jeotgalicoccus_A_310962	g__Jeotgalicoccus_A_310962
TACAGAGGGTGCAAGCGTTAATCGGAATTACTGGGCGTAAAGCGCGCGTAGGTGGTTTGTTAAGTTGGATGTGAAATCCCCGGGCTCAACCTGGGAACTGCATTCAAAACTGACTGACTAGAGTATGGTAGAGGGTGGTGGAATTTCCTG	ASV_d284b92d7518	d__Bacteria; p__Proteobacteria; c__Gammaproteobacteria; o__Pseudomonadales_650611; f__Pseudomonadaceae; g__Pseudomonas_E_647464	g__Pseudomonas_E_647464
TACGAAGGGGGCTAGCGTTGCTCGGAATTACTGGGCGTAAAGGGCGCGTAGGCGGACAGTTTAGTCAGAGGTGAAAGCCCAGGGCTCAACCTTGGAATTGCCTTTGATACTGGCTGTCTTGAGTTCGGGAGAGGTGAGTGGAATGCCGAG	ASV_6db8bada8f9f	d__Bacteria; p__Proteobacteria; c__Alphaproteobacteria; o__Caulobacterales; f__Caulobacteraceae; g__Phenylobacterium	g__Phenylobacterium
TACGTAGGGTGCGAGCGTTGTCCGGATTTACTGGGCGTAAAGAGCTCGTAGGTGGCTTGTCGCGTCGTCTGTGAAAGTCTGGGGCTTAACTCCGGGTGTGCAGGCGATACGGGCTGGCTTGAGTGCTGTAGGGGAGACTGGAATTCCTGG	ASV_7cb775310901	d__Bacteria; p__Actinobacteriota; c__Actinomycetia; o__Mycobacteriales; f__Mycobacteriaceae; g__Corynebacterium; s__Corynebacterium otitidis	g__Corynebacterium
TACGTAAGGTCCGAGCGTTGTCCGGAATCATTGGGCGTAAAGGGTACGTAGGCGGATAAGCAAGTTAGAAGTTAAATCCTATAGCTCAACTATAGCAAGCTTTTAAAACTGCTCATCTTGAGGTATGGAAGGGAAAGTGGAATTCCTAGT	ASV_2c4fff186eb3	d__Bacteria; p__Firmicutes_A; c__Clostridia_258483; o__Tissierellales; f__Peptoniphilaceae; g__Anaerococcus; s__Anaerococcus vaginimassiliensis	g__Anaerococcus
TACGTAGGTGGCAAGCGTTGTCCGGATTTATTGGGCGTAAAGGGAGCGCAGGTGGTTTCTTAAGTCTGATGTGAAAGCCCACGGCTTAACCGTGGAGGGTCATTGGAAACTGGGAAACTTGAGTACAGAAGAGGAATGTGGAACTCCATG	ASV_7b722c9f48cb	d__Bacteria; p__Firmicutes_D; c__Bacilli; o__Lactobacillales; f__Aerococcaceae; g__Aerococcus	g__Aerococcus
TACGTAGGGTGCGAGCGTTGTCCGGAATTACTGGGCGTAAAGAGCTCGTAGGTGGTTTGTCGCGTCGTCTGTGAAATTCCGGGGCTTAACTCCGGGCGTGCAGGCGATACGGGCTGACTTGAGTGCTGTAGGGGAGACTGGAATTCCTGG	ASV_afd790ddbf78	d__Bacteria; p__Actinobacteriota; c__Actinomycetia; o__Mycobacteriales; f__Mycobacteriaceae; g__Corynebacterium	g__Corynebacterium
TACGTATGTCACGAGCGTTATCCGGATTTATTGGGCGTAAAGCGCGTCTAGGTGGTTATGTAAGTCTGATGTGAAAATGCAGGGCTCAACTCTGTATTGCGTTGGAAACTGTATAACTAGAGTACTGGAGAGGTAAGCGGAACTACAAGT	ASV_0ae0be308568	d__Bacteria; p__Fusobacteriota; c__Fusobacteriia; o__Fusobacteriales_993521; f__Fusobacteriaceae_993521; g__Fusobacterium_C	g__Fusobacterium_C
TACGTAAGGACCGAGCGTTGTCCGGAATCATTGGGCGTAAAGGGTACGTAGGCGGTTAGAAAAGTTAGAAGTGAAAGGCTATAGCTCAACTATAGTAAGCTTTTAAAACTGTTTAACTTGAGAGATGGAAGGGAAAGTGGAATTCCTAGT	ASV_43aa4c5c16ae	d__Bacteria; p__Firmicutes_A; c__Clostridia_258483; o__Tissierellales; f__Peptoniphilaceae; g__Anaerococcus; s__Anaerococcus provencensis	g__Anaerococcus
TACGGAGGGTGCAAGCGTTATCCGGATTTATTGGGTTTAAAGGGTCCGTAGGCGGATTAATCAGTCAGTGGTGAAATCTCATAGCTTAACTATGAAACTGCCATTGATACTGTTAGTCTTGAGTGATGTTGAAGTTGCTGGAATGTGTAG	ASV_b541909aa07e	d__Bacteria; p__Bacteroidota; c__Bacteroidia; o__Flavobacteriales_877923; f__Weeksellaceae; g__Empedobacter_790298	g__Empedobacter_790298
TACAGAGGGTGCGAGCGTTAATCGGATTTACTGGGCGTAAAGCGTGCGTAGGCGGCTTTTTAAGTCGGATGTGAAATCCCCGAGCTTAACTTGGGAATTGCATTCGATACTGGGAAGCTAGAGTATGGGAGAGGATGGTAGAATTCCAGG	ASV_9acc238746a1	d__Bacteria; p__Proteobacteria; c__Gammaproteobacteria; o__Pseudomonadales_660879; f__Moraxellaceae; g__Acinetobacter	g__Acinetobacter
TACGTATGTTCCAAGCGTTATCCGGATTTATTGGGCGTAAAGCGAGCGCAGACGGTTATTTAAGTCCGAAGTGAAAGCCCACAGCTTAACTGTGGAAGTGCTTTGGAAACTGGATAACTTGAGTGCAGTAGAGGAGAGTGGAACTCCATG	ASV_a1ea3d4d10b7	d__Bacteria; p__Firmicutes_D; c__Bacilli; o__Lactobacillales; f__Lactobacillaceae; g__Weissella_A_338544; s__Weissella_A_338544 viridescens	g__Weissella_A_338544
TACGTATGTCGCAAGCGTTATCCGGAATTATTGGGCATAAAGGGCATCTAGGCGGCCAGATAAGTCTGGGGTGAAAACTTGCGGCTCAACCGCAAGCCTGCCCTGGAAACTATGTGGCTAGAGTACTGGAGAGGTGGACGGAACTGCACG	ASV_ce33f26f3bd4	d__Bacteria; p__Fusobacteriota; c__Fusobacteriia; o__Fusobacteriales_993777; f__Leptotrichiaceae; g__Leptotrichia_A_993758; s__Leptotrichia_A_993758 wadei	g__Leptotrichia_A_993758
TACGGAGGGGGCTAGCGTTGTTCGGAATTACTGGGCGTAAAGCGCACGTAGGCGGACTGGAAAGTTGGGGGTGAAATCCCGGGGCTCAACCTCGGAACTGCCTTCAAAACTATCAGTCTGGAGTTCGAGAGAGGTGAGTGGAATTCCGAG	ASV_8a5486080fce	d__Bacteria; p__Proteobacteria; c__Alphaproteobacteria; o__Rhodobacterales; f__Rhodobacteraceae; g__Paracoccus	g__Paracoccus
TACGTAGGGTGCAAGCGTTGTCCGGAATTACTGGGCGTAAAGAGCTCGTAGGTGGTTTGTCACGTCGTCTGTGAAATTCCACAGCTTAACTGTGGGCGTGCAGGCGATACGGGCTGACTTGAGTACTGTAGGGGTAACTGGAATTCCTGG	ASV_7c99906fc475	d__Bacteria; p__Actinobacteriota; c__Actinomycetia; o__Mycobacteriales; f__Mycobacteriaceae; g__Corynebacterium; s__Corynebacterium propinquum	g__Corynebacterium
TACGTAGGTGGCAAGCGTTGTCCGGATTTATTGGGCGTAAAGCGAGCGCAGGCGGTCAATTAAGTCTGATGTGAAAGCCCCCGGCTCAACCGGGGAGGGTCATTGGAAACTGGTTGACTTGAGTGCAGAAGAGGAGAGTGGAATTCCATG	ASV_e8cff5dd9314	d__Bacteria; p__Firmicutes_D; c__Bacilli; o__Lactobacillales; f__Aerococcaceae; g__Granulicatella; s__Granulicatella elegans	g__Granulicatella
TACAGAGGGTGCGAGCGTTAATCGGATTTACTGGGCGTAAAGCGTGCGTAGGCGGCTTATTAAGTCGGATGTGAAATCCCCGAGCTTAACTTGGGAATTGCATTCGATACTGGTGAGCTAGAGTATGGGAGAGGATGGTAGAATTCCAGG	ASV_7a8d29c59b80	d__Bacteria; p__Proteobacteria; c__Gammaproteobacteria; o__Pseudomonadales_660879; f__Moraxellaceae; g__Acinetobacter; s__Acinetobacter baumannii	g__Acinetobacter
