PC1	PC2	PC3	feature_id	asv_hash	Taxon	lowest_taxon	importance
0.2472012257035408	0.1208719229280689	0.6498397779956352	GACGAACGCTGGCGGCGTGCCTAATACATGCAAGTAGAACGCTGAAGAGAGGAGCTTGCTCTTCTTGAATGAGTTGCGAACGGGTGAGTAACGCGTAGGTAACCTGCCTTGTAGCGGGGGATAACTATTGGAAACGATAGCTAATACCGC	ASV_2da198fa438c	d__Bacteria; p__Firmicutes_D; c__Bacilli; o__Lactobacillales; f__Streptococcaceae; g__Streptococcus; s__Streptococcus vestibularis	g__Streptococcus	0.7056983809015566
0.6404476254819547	0.0314169334639456	-0.1378364125887935	ATTGAACGCTGGCGGCAGGCCTAACACATGCAAGTCGAGCGGTAACAGAAAGTAGCTTGCTACTTTGCTGACGAGCGGCGGACGGGTGAGTAATGCTTGGGAACATGCCTTGAGGTGGGGGACAACAGTTGGAAACGACTGCTAATACCG	ASV_cb49d0e6d36c	d__Bacteria; p__Proteobacteria; c__Gammaproteobacteria; o__Enterobacterales_A_737866; f__Alteromonadaceae_665222; g__Pseudoalteromonas	g__Pseudoalteromonas	0.6558651243427266
-0.5745055442146413	-0.1989926658577435	0.2214217420127265	GACGAACGCTGGCGGCGTGCTTAACACATGCAAGTCGAACGGAAAGGCCCTGCTTTTGTGGGGTGCTCGAGTGGCGAACGGGTGAGTAACACGTGAGTAACCTGCCCTTGACTTTGGGATAACTTCAGGAAACTGGGGCTAATACCGGAT	ASV_f416513029b8	d__Bacteria; p__Actinobacteriota; c__Actinomycetia; o__Propionibacteriales; f__Propionibacteriaceae; g__Cutibacterium; s__Cutibacterium acnes	g__Cutibacterium	0.6470566352603789
0.013849529063941	0.4376504479989489	0.3747041212830165	GATGAACGCTGGCGGCGTGCTTAACACATGCAAGTCGAACGGAAAGGCCCAAGCTTGCTTGGGTACTCGAGTGGCGAACGGGTGAGTAACACGTGGGTGATCTGCCCTGCACTTCGGGATAAGCCTGGGAAACTGGGTCTAATACCGGAT	ASV_7945c40fddd7	d__Bacteria; p__Actinobacteriota; c__Actinomycetia; o__Mycobacteriales; f__Mycobacteriaceae; g__Corynebacterium	g__Corynebacterium	0.5763097280069557
-0.0888435001627844	0.4014873446651348	-0.3203833959482752	GACGAACGCTGGCGGCGTGCTTAACACATGCAAGTCGAACGGAAAGGCTCCAGCTTGCTGGAGTACTCGAGTGGCGAACGGGTGAGTAACACGTGGGTAATCTGCCCTGCACTCTGGGATAAGCCTGGGAAACTGGGTCTAATACTGGAT	ASV_a91b41cd8243	d__Bacteria; p__Actinobacteriota; c__Actinomycetia; o__Mycobacteriales; f__Mycobacteriaceae; g__Lawsonella; s__	g__Lawsonella	0.5212780216417959
-0.2150893396733484	0.4557950048357702	-0.1083570335840323	ATTGAACGCTGGCGGCATGCTTTACACATGCAAGTCGAACGGCAGCGAGGAGAAGCTTGCTTCTCTGTCGGCGAGTGGCGAACGGGTGAGTATAGCATCGGAACGTGCCAAGTAGTGGGGGATAACCAAACGAAAGTTTGGCTAATACCG	ASV_7eb380d06e74	d__Bacteria; p__Proteobacteria; c__Gammaproteobacteria	c__Gammaproteobacteria	0.5155131009018955
-0.1188372985170132	0.2703936282527871	-0.1404884821011017	GATGAACGCTGGCGGCGTGCCTAATACATGCAAGTCGAGCGAACAGACGAGGAGCTTGCTCCTCTGACGTTAGCGGCGGACGGGTGAGTAACACGTGGATAACCTACCTATAAGACTGGGATAACTTCGGGAAACCGGAGCTAATACCGG	ASV_886248f4b334	d__Bacteria; p__Firmicutes_D; c__Bacilli; o__Staphylococcales; f__Staphylococcaceae; g__Staphylococcus	g__Staphylococcus	0.32706579050949325
-0.0416427028142326	-0.2831007846877776	-0.0173080531093234	GACGAACGCTGGCGGCGTGCCTAATACATGCAAGTCGAACGAGAGCGACCGGTGCTTGCACTGGTCAATCTAGTGGCGAACGGGTGAGTAACACGTGGGTAACCTGCCCATCAGAGGGGGATAACATTCGGAAACGGATGCTAAAACCGC	ASV_9d628f8d6cc2	d__Bacteria; p__Firmicutes_D; c__Bacilli; o__Lactobacillales; f__Aerococcaceae; g__Granulicatella	g__Granulicatella	0.28667008509948344
0.0117447872155879	0.1188260173061691	0.2115323302565952	GACGAACGCTGGCGGCGTGCTTAACACATGCAAGTCGAACGGTGAAGCTCCAGCTTGCTGGAGTGGATCAGTGGCGAACGGGTGAGTAACACGTGAGCAACCTGCCCCTGACTCTGGAATAAGCGCTGGAAACGGCGTCTAATACTGGAT	ASV_6f521915251c	d__Bacteria; p__Actinobacteriota; c__Actinomycetia; o__Actinomycetales; f__Dermatophilaceae_390796; g__Janibacter_A_390549	g__Janibacter_A_390549	0.24290633824453964
-0.0561074751016304	0.1506351342952492	0.1264149338381741	GACGAACGCTGGCGGCGTGCTTAACACATGCAAGTCGAACGAAGAGCGATGGAAGCTTGCTTCTATCAATCTTAGTGGCGAACGGGTGAGTAACGCGTAATCAACCTGCCCTTCAGAGGGGGACAACAGTTGGAAACGACTGCTAATACC	ASV_79319091623e	d__Bacteria; p__Firmicutes_C; c__Negativicutes; o__Veillonellales; f__Veillonellaceae; g__Veillonella_A	g__Veillonella_A	0.20449872357483742
0.1421530629772302	0.1100871501832359	-0.0897595359264716	GACGAACGCTGGCGGCGCGCCTAACACATGCAAGTCGAACGAGCGAGAGAGAGCTTGCTTTCTCGAGCGAGTGGCGAACGGGTGAGTAACGCGTGAGGAACCTGCCTCAAAGAGGGGGACAACAGTTGGAAACGACTGCTAATACCGCAT	ASV_ad12b1402bd1	d__Bacteria; p__Firmicutes_A; c__Clostridia_258483; o__Oscillospirales; f__Ruminococcaceae; g__Faecalibacterium; s__Faecalibacterium prausnitzii_C_71358	g__Faecalibacterium	0.20095633415996186
0.0945387151247806	0.0661874081288284	-0.1106432319173264	GATGAACGCTGGCGGCGTGCTTAACACATGCAAGTCGAACGCTGAAGCCTGGTGCTTGCACTGGGTGGATGAGTGGCGAACGGGTGAGTAACACGTGAGTAACCTGCCCTTGACTTCGGGATAAGCCCGGGAAACTGGGTCTAATACTGG	ASV_56eb23103f6b	d__Bacteria; p__Actinobacteriota; c__Actinomycetia; o__Actinomycetales; f__Micrococcaceae; g__Pseudoglutamicibacter	g__Pseudoglutamicibacter	0.1598757843494999
-0.1067310727015069	0.1134714365524333	-0.0196608312533444	GACGAACGCTGGCGGCGTGCCTAATACATGCAAGTAGAACGCTGAAGGAGGAGCTTGCTTCTCTGGATGAGTTGCGAACGGGTGAGTAACGCGTAGGTAACCTGCCTGGTAGCGGGGGATAACTATTGGAAACGATAGCTAATACCGCAT	ASV_90682d25ce34	d__Bacteria; p__Firmicutes_D; c__Bacilli; o__Lactobacillales; f__Streptococcaceae; g__Streptococcus	g__Streptococcus	0.15701540395406985
0.020340591544062	0.0346171695532662	-0.1465189919282439	GACGAACGCTGGCGGCACGCTTAACACATGCAAGTCGAACGAGGTCCATCCACTCGCAAGAGTGGTGAAGACCTAGTGGCGAACGGGTGAGTAACACGTGAGAAACCTGCCCCGAAGACCGGGATAACTCACCGAAAGGTGAGCTAATAC	ASV_dd75e79ae2f2	d__Bacteria; p__Actinobacteriota	p__Actinobacteriota	0.15192071316285596
0.0568974223348749	-0.1355503750204785	0.0252055171153098	GATGAACGCTAGCGATAGGCTTAACACATGCAAGTCGAGGGGCAGCATTATTTTAGCTTGCTAAGATAGATGGCGACCGGCGCACGGGTGCGTAACGCGTATGCAACCTGCCTGTAATTAGGGAATAACCCGGTGAAAGTCGGACTAATA	ASV_a6dfd5fabe73	d__Bacteria; p__Bacteroidota; c__Bacteroidia; o__Bacteroidales; f__Porphyromonadaceae; g__Porphyromonas_A_859424; s__Porphyromonas_A_859424 endodontalis	g__Porphyromonas_A_859424	0.14915273691620834
-0.0878563341695499	-0.1119693029083021	-0.0415969182387486	GACGAACGCTGGCGGCGTGCTTAACACATGCAAGTCGAACGGAAAGGCCCTGCTTGCAGGGTACTCGAGTGGCGAACGGGTGAGTAACACGTGGGTGATCTGCCCTGCACTTCGGGATAAGCCTGGGAAACTGGGTCTAATACCGGATAG	ASV_68b1a732472e	d__Bacteria; p__Actinobacteriota; c__Actinomycetia; o__Mycobacteriales; f__Mycobacteriaceae; g__Corynebacterium	g__Corynebacterium	0.1482773207690369
-0.1097063375076492	0.0539384059999299	-0.0812892615354193	GACGAACGCTGGCGGCGTGCTTAACACATGCAAGTCGTACGGTAAGGCCCTTTCGGGGGTACACGAGTGGCGAACGGGTGAGTAACACGTGAGTAACCTGCCCACAACTTTGGGATAACGCTAGGAAACTGGTGCTAATACTGGATATGT	ASV_511ca26af867	d__Bacteria; p__Actinobacteriota; c__Actinomycetia; o__Propionibacteriales; f__Propionibacteriaceae; g__Cutibacterium; s__Cutibacterium granulosum	g__Cutibacterium	0.14680863793431675
0.0736139412371677	-0.0891252517886837	-0.0648212578249755	AGTGAACGCTGGCGGCAGGCCTAACACATGCAAGTCGAACGGCAGCACAGTAAGAGCTTGCTCTTATGGGTGGCGAGTGGCGGACGGGTGAGGAATACATCGGAATCTACTCTTTCGTGGGGGATAACGTAGGGAAACTTACGCTAATAC	ASV_c24cb5e017c1	d__Bacteria; p__Proteobacteria; c__Gammaproteobacteria; o__Xanthomonadales_616009; f__Xanthomonadaceae_616009; g__Xanthomonas_A_614439	g__Xanthomonas_A_614439	0.1325296884357516
0.0106914122217695	-0.1180365273681167	0.0082756655843709	GACGAACGCTGGCGGCGTGCTTAACACATGCAAGTCGAACGCTGAAGCTTGGTGCTTGCACTGGGTGGATGAGTGGCGAACGGGTGAGTAATACGTGAGTAACCTGCCCTTGACTCTGGGATAAGCCTGGGAAACTGGGTCTAATACTGG	ASV_d747f681352c	d__Bacteria; p__Actinobacteriota; c__Actinomycetia; o__Actinomycetales; f__Micrococcaceae; g__Kocuria	g__Kocuria	0.1188083108594862
0.069388446593771	-0.0546340711284674	-0.0759931230636494	GACGAACGCTGGCGGCGTGCTTAACACATGCAAGTCGAACGGAAAGGCCCTGCTTGCGGGGTACTCGAGTGGCGAACGGGTGAGTAACACGTGGGTGATCTGCCCTGCACTTCGGGATAAGCTTGGGAAACTGGGTCTAATACCGGATAG	ASV_181593e6b7a1	d__Bacteria; p__Actinobacteriota; c__Actinomycetia; o__Mycobacteriales; f__Mycobacteriaceae; g__Corynebacterium	g__Corynebacterium	0.11651005536748323
0.0218896444598918	-0.0784623283849076	0.0790745056142136	GACGAACGCTGGCGGCGTGCTTAACACATGCAAGTCGAGCGGAAAGGCCCTTTCGGGGGTACTCGAGCGGCGAACGGGTGAGTAACACGTGAGTAATCTGCCCTTGGCTTCGGGATAGCCACCGGAAACGGTGATTAATACCGGATACGA	ASV_cc1f6466a29d	d__Bacteria; p__Actinobacteriota; c__Actinomycetia; o__Propionibacteriales; f__Nocardioidaceae; g__Nocardioides_A_392796	g__Nocardioides_A_392796	0.11352652090279983
0.0145610740896513	-0.108776995422008	0.0231522310160825	GACGAACGCTGGCGGCGTGCTTAACACATGCAAGTCGAACGATGAAGCCTAGCTTGCTAGGTGGATTAGTGGCGAACGGGTGAGTAATACGTGAGTAACCTACCTTTAACTCTGGGATAAGCCTGGGAAACTGGGTCTAATACCGGATAC	ASV_804b0209f5ae	d__Bacteria; p__Actinobacteriota; c__Actinomycetia; o__Actinomycetales; f__Micrococcaceae; g__Rothia; s__Rothia sp001808955	g__Rothia	0.11216276303972686
0.0208533523951632	0.0709043350268004	0.078127754587475	ATTGAACGCTGGCGGCATGCCTTACACATGCAAGTCGAACGGTAACAGGTCTTCGGATGCTGACGAGTGGCGAACGGGTGAGTAATACATCGGAACGTGCCCAGTAATGGGGGATAGCTCGGCGAAAGCCGGATTAATACCGCATACGCC	ASV_0eb1369e939e	d__Bacteria; p__Proteobacteria; c__Gammaproteobacteria; o__Burkholderiales_595423; f__Burkholderiaceae_A_595423; g__Limnobacter	g__Limnobacter	0.10754642285353025
-0.0314976834794559	0.0050350941604962	0.0963269482744719	GACGAACGCTGGCGGCGTGCTTAACACATGCAAGTCGAACGGTAAGGCTCCAGCTTGCTGGGGTACACGAGTGGCGAACGGGTGAGTAACACGTGGGTGACCTGCCCTGCACTTCGGGATAAGCCTGGGAAACTGGGTCTAATACCGGAT	ASV_8947a8e7636b	d__Bacteria; p__Actinobacteriota; c__Actinomycetia; o__Mycobacteriales; f__Mycobacteriaceae; g__Corynebacterium; s__Corynebacterium amycolatum_A	g__Corynebacterium	0.10147086873408465
-0.0040942942693741	-0.0531997819239989	0.0828510110858022	GACGAACGCTGGCGGCGTGCCTAATACATGCAAGTCGAGCGAAGTTTTTCTGGTGCTTGCACTAGAAAAACTTAGCGGCGAACGGGTGAGTAACACGTAAAGAACCTGCCTCATAGACTGGGACAACTATTGGAAACGATAGCTAATACC	ASV_8ba6dd8ba006	d__Bacteria; p__Firmicutes_D; c__Bacilli; o__Staphylococcales; f__Gemellaceae; g__Gemella	g__Gemella	0.0985457765724386
0.0339794272506897	0.0353998930490279	0.0834396888538166	GACGAACGCTGGCGGCGTGCTTAACACATGCAAGTCGAACGATGATGCCCTGCTTGCAGGGTGGATTAGTGGCGAACGGGTGAGTAACACGTGGGTGATCTGCCTCGTACTTCGGGATAAGCCTGGGAAACTGGGTCTAATACCGGATAG	ASV_22df2a67a8a9	d__Bacteria; p__Actinobacteriota; c__Actinomycetia; o__Mycobacteriales; f__Mycobacteriaceae; g__Corynebacterium	g__Corynebacterium	0.09679842757085083
-0.0693818852243576	0.007764764878824	-0.0656642162856673	ATTGAACGCTGGCGGCATGCTTTACACATGCAAGTCGAACGGCAGCGAAGAGAAGCTTGCTTCTCTGTCGGCGAGTGGCGAACGGGTGAGTATAGCATCGGAACGTGCCAAGTAGTGGGGGATAACCAAACGAAAGTTTGGCTAATACCG	ASV_1caf96766a3b	d__Bacteria; p__Proteobacteria; c__Gammaproteobacteria	c__Gammaproteobacteria	0.09584324113530514
-0.0230246401599523	-0.0886328957505777	0.0203133746895605	GACGAACGCTGGCGGCGTGCCTAATACATGCAAGTCGAGCGAGCGAAACTAACAGATTTACTTCGGTAATGACGTTAGGAAAGCGAGCGGCGGATGGGTGAGTAACACGTGGGGAACCTGCCCCATAGTCTGGGATACCACTTGGAAACA	ASV_5f1fe4f56fff	d__Bacteria; p__Firmicutes_D; c__Bacilli; o__Lactobacillales; f__Lactobacillaceae; g__Lactobacillus; s__Lactobacillus crispatus	g__Lactobacillus	0.09380062609016285
-0.0386140135012543	0.0393410316834013	-0.0757449434716057	GATGAACGCTAGCTACAGGCTTAACACATGCAAGTCGAGGGGCAGCATGGAAGAAGCTTGCTTCTTCTGATGGCGACCGGCGCACGGGTGCGTAACGCGTATCAAACCTGCCTCATACTCGGGGATAGCCTTGCGAAAGTAAGATTAATA	ASV_944e70c67de4	d__Bacteria; p__Bacteroidota; c__Bacteroidia; o__Bacteroidales; f__Bacteroidaceae; g__Alloprevotella; s__Alloprevotella sp900095835	g__Alloprevotella	0.09368060244312147
0.030928961287193	0.0117062171629985	-0.0828765375754033	ATTGAACGCTGGCGGCATGCTTTACACATGCAAGTCGGACGGCAGCACAGAGAAGCTTGCTTCTTGGGTGGCGAGTGGCGAACGGGTGAGTAACATATCGGAACGTACCGAGTAATGGGGGATAACTAATCGAAAGATTAGCTAATACCG	ASV_4e6f197e5ae5	d__Bacteria; p__Proteobacteria; c__Gammaproteobacteria; o__Burkholderiales_597441; f__Neisseriaceae_563222; g__Neisseria_563205	g__Neisseria_563205	0.08923091755136893
-0.0466884178011565	-0.0738185085784202	-0.0151198067869694	GACGAACGCTGGCGGCGTGCTTAACACATGCAAGTCGAACGGAAAGGCCCTGCTTGCAGGGTACTCGAGTGGCGAACGGGTGAGTAACACGTGGGTGATCTGCCCTGCACTTCGGGATAAGCTTGGGAAACTGGGTCTAATACCGGATAG	ASV_2e20f0d24433	d__Bacteria; p__Actinobacteriota; c__Actinomycetia; o__Mycobacteriales; f__Mycobacteriaceae; g__Corynebacterium	g__Corynebacterium	0.0886430432848113
0.0658948411995801	-0.0437487546070419	-0.0224699155576103	AGCGAACGCTGGCGGCAGGCCTAACACATGCAAGTCGAACGAACCTTTCGGGGTTAGTGGCGGACGGGTGAGTAACACGTGGGAACGTGCCTTTAGGTTCGGAATAACTCAGGGAAACTTGTGCTAATACCGAATGTGCCCTTCGGGGGA	ASV_025461b3bf4e	d__Bacteria; p__Proteobacteria; c__Alphaproteobacteria; o__Caulobacterales; f__Caulobacteraceae; g__Brevundimonas	g__Brevundimonas	0.08222518307399009
0.0560038711654251	-0.0080418424899985	0.0590842990713746	GATGAACGCTGGCGGCGTGCCTAATACATGCAAGTCGAGCGAACAGACGAGGAGCTTGCTCCTTTGACGTTAGCGGCGGACGGGTGAGTAACACGTGGGTAACCTACCTATAAGACTGGGATAACTTCGGGAAACCGGAGCTAATACCGG	ASV_4ecc611aa491	d__Bacteria; p__Firmicutes_D; c__Bacilli; o__Staphylococcales; f__Staphylococcaceae; g__Staphylococcus	g__Staphylococcus	0.08180500726057736
-0.0070086736079066	-0.0792605641373264	0.0180470708464895	GACGAACGCTGGCGGCGTGCTTAACACATGCAAGTCGAACGGACAGACAGAGAGCTTGCTCTCTTGAAGTTAGTGGCGAACGGGTGAGTAACGCGTAATCAACCTGCCCTTCAGAGGGGGATAACAACGGGAAACCGTTGCTAATACCGC	ASV_7c1a27cf8262	d__Bacteria; p__Firmicutes_C; c__Negativicutes; o__Veillonellales; f__Veillonellaceae; g__F0422; s__F0422 sp001553345	g__F0422	0.08159077949895815
0.0368087617990414	-0.0716489506104357	0.0119151040261789	GATGAACGCTGGCGGCGTGCTTAACACATGCAAGTCGAACGGAAAGGCCGAAGCTTGCTTCGGTACTCGAGTGGCGAACGGGTGAGTAACACGTGGGTGATCTGCCCTGTACTTCGGGATAAGCTTGGGAAACTGGGTCTAATACCGGAT	ASV_89ac8f6d62c8	d__Bacteria; p__Actinobacteriota; c__Actinomycetia; o__Mycobacteriales; f__Mycobacteriaceae; g__Corynebacterium; s__Corynebacterium imitans	g__Corynebacterium	0.0814274325562945
0.017830889476436	-0.0671352453707787	-0.0398888633685697	GACGAACGCTGGCGGCGTGCCTAATACATGCAAGTAGAACGCTGAAGGAGGAGCTTGCTCTTCTGGATGAGTTGCGAACGGGTGAGTAACGCGTAGGTAACCTGCCTGGTAGTGGGGGATAACTATTGGAAACGATAGCTAATACCGCAT	ASV_bd124da427b3	d__Bacteria; p__Firmicutes_D; c__Bacilli; o__Lactobacillales; f__Streptococcaceae; g__Streptococcus	g__Streptococcus	0.08010120605429084
-0.0460334157451105	-0.0550088160441157	-0.0308051579514223	GACGAACGCTGGCGGCGTGCTTAACACATGCAAGTCGAACGGAAAGGCCCCCTTGTGGGGTACTCGAGTGGCGAACGGGTGAGTAACACGTGAGTAACCTACCCTTGACTTTGGGATAACTTCAGGAAACTGGGGCTAATACCGGATAGG	ASV_5fab57c33ee5	d__Bacteria; p__Actinobacteriota; c__Actinomycetia; o__Propionibacteriales; f__Propionibacteriaceae; g__Cutibacterium; s__Cutibacterium namnetense	g__Cutibacterium	0.0780640952304555
-0.0729429152400428	-0.0172994988464009	0.0178910996986877	ATTGAACGCTGGCGGCATGCTTTACACATGCAAGTCGAACGGCAACGAGGAGAAGCTTGCTTCTCTGTCGGCGAGTGGCGAACGGGTGAGTATAGCATCGGAACGTGCCAAGTAGTGGGGGATAACCAAACGAAAGTTTGGCTAATACCG	ASV_27cc35506b5f	d__Bacteria; p__Proteobacteria; c__Gammaproteobacteria	c__Gammaproteobacteria	0.07707160951012428
-0.0140035167081439	0.0381375850008968	-0.0651948480728595	GATGAACGCTGGCGGCGTGCTTAACACATGCAAGTCGAACGATGAAGCCCAGCTTGCTGGGTGGATTAGTGGCGAACGGGTGAGTAACACGTGAGTAACCTGCCCTTAACTCTGGGATAAGCCTGGGAAACTGGGTCTAATACCGGATAG	ASV_0fd0893340be	d__Bacteria; p__Actinobacteriota; c__Actinomycetia; o__Actinomycetales; f__Micrococcaceae; g__Micrococcus	g__Micrococcus	0.07681758968582082
0.0205111329182036	-0.015133273586112	-0.0723858781010363	AGCGAACGCTGGCGGCAGGCTTAACACATGCAAGTCGAGCGGGCGTAGCAATACGTCAGCGGCAGACGGGTGAGTAACGCGTGGGAACGTACCTTTTGGTTCGGAACAACACAGGGAAACTTGTGCTAATACCGGATAAGCCCTTACGGG	ASV_2c2e794288a1	d__Bacteria; p__Proteobacteria; c__Alphaproteobacteria; o__Rhizobiales_A_504705; f__Xanthobacteraceae_503485; g__Bradyrhizobium	g__Bradyrhizobium	0.07674267321040112
0.025797005908138	-0.0515816665687123	-0.0492848032812148	GATGAACGCTGGCGGCGTGCCTAATACATGCAAGTAGAACGCTGAAGCTTGGTGCTTGCACCGAGCGGATGAGTTGCGAACGGGTGAGTAACGCGTAGGTAACCTGCCTCTTAGCGGGGGATAACTATTGGAAACGATAGCTAATACCGC	ASV_abe7cc99a1c8	d__Bacteria; p__Firmicutes_D; c__Bacilli; o__Lactobacillales; f__Streptococcaceae; g__Streptococcus; s__Streptococcus parasanguinis	g__Streptococcus	0.07586267642456572
-0.0096502509818746	-0.0155484726691781	-0.0734531625945256	GACGAACGCTGGCGGCGTGCCTAATACATGCAAGTAGAACGCTGAAGGAGGAGCTTGCTTCTCCGGATGAGTTGCGAACGGGTGAGTAACGCGTAGGTAACCTGCCTGGTAGCGGGGGATAACTATTGGAAACGATAGCTAATACCGCAT	ASV_44dcca73bfcf	d__Bacteria; p__Firmicutes_D; c__Bacilli; o__Lactobacillales; f__Streptococcaceae; g__Streptococcus	g__Streptococcus	0.0756984110896336
0.0317010755847288	-0.0649337730450717	0.0133396996759179	GACGAACGCTGGCGGCGTGCCTAATACATGCAAGTCGAACGAACGGATAAAGAGCTTGCTCTTTTGAAGTTAGTGGCGGACGGGTGAGTAACACGTGGGTAACCTGCCTCACAGCTGGGGATAACATCGAGAAATCGATGCTAATACCGA	ASV_5eb2fd72f81d	d__Bacteria; p__Firmicutes_D; c__Bacilli; o__Lactobacillales; f__Listeriaceae; g__Brochothrix; s__Brochothrix thermosphacta	g__Brochothrix	0.07347993374072444
-0.038198262427063	-0.0537028503396842	0.0307310494406047	GACGAACGCTGGCGGCGTGCTTAACACATGCAAGTCGAACGGAAAGGCCCTGCTTTTGTGGGGTGCTCGAGTGGCGAACGGGTGAGTAACACGTGAGTAACCTGCCCCTGACTTTGGGATAACTTCAGGAAACTGGGGCTAATACCGGAT	ASV_3a6d123dbdfc	d__Bacteria; p__Actinobacteriota; c__Actinomycetia; o__Propionibacteriales; f__Propionibacteriaceae; g__Cutibacterium; s__Cutibacterium acnes	g__Cutibacterium	0.07271520327121546
0.0542543625864576	-0.0093034466208097	-0.0470039061848916	GACGAACGCTGGCGGCGTGCTTAACACATGCAAGTCGAACGCTGAAGCTTGGTGCTTGCACTGGGTGGATGAGTGGCGAACGGGTGAGTATCACGTGAGTAACCTGCCCCTGACTTCGGGATAAGCCTGGGAAACTGGGTCTAATACCGG	ASV_e40a8ea461d7	d__Bacteria; p__Actinobacteriota; c__Actinomycetia; o__Actinomycetales; f__Brevibacteriaceae; g__Brevibacterium; s__Brevibacterium ravenspurgense	g__Brevibacterium	0.07238409476761559
0.0254077127491951	-0.0557969611939136	-0.0373643222299868	GACGAACGCTGGCGGCGTGCTTAACACATGCAAGTCGAACGGAAAGGCCCTGCTTGCAGGGTGCTCGAGTGGCGAACGGGTGAGTAACACGTGGGTGATCTGCCCCTTACTTTGGGATAAGCCTGGGAAACTGGGTCTAATACTGGATAG	ASV_ecbeb250730a	d__Bacteria; p__Actinobacteriota; c__Actinomycetia; o__Mycobacteriales; f__Mycobacteriaceae; g__Corynebacterium; s__Corynebacterium kroppenstedtii	g__Corynebacterium	0.07179794789077887
-0.0188878015242551	-0.0348920559007542	0.0587479168878581	GACGAACGCTGGCGGCGTGCCTAATACATGCAAGTAGAACGCTGAAGAGAGGAGCTTGCTCTTCTTGGATGAGTTGCGAACGGGTGAGTAACGCGTAGGTAACCTGCCTTGTAGCGGGGGATAACTATTGGAAACGATAGCTAATACCGC	ASV_51997b86fb5f	d__Bacteria; p__Firmicutes_D; c__Bacilli; o__Lactobacillales; f__Streptococcaceae; g__Streptococcus	g__Streptococcus	0.0708909186713199
-0.0239305670995937	0.0316774152775601	-0.0576620622061754	GATGAACGCTAGCTACAGGCTTAACACATGCAAGTCGAGGGGAAACGGCATTGAGTGCTTGCACTCTTTGGACGTCGACCGGCGCACGGGTGAGTAACGCGTATCCAACCTTCCCATTACTGTGGGATAACCTGCCGAAAGGCAGACTAA	ASV_200955d8cc7b	d__Bacteria; p__Bacteroidota; c__Bacteroidia; o__Bacteroidales; f__Bacteroidaceae; g__Prevotella; s__Prevotella melaninogenica	g__Prevotella	0.07000745744736053
0.0362838155420277	-0.0563283550310179	0.0137911633214822	AGCGAACGCTGGCGGCAGGCCTAACACATGCAAGTCGAACGGATCCTTCGGGATTAGTGGCGGACGGGTGAGTAACACGTGGGAACGTGCCCTTTGGTTCGGAACAACTCAGGGAAACTTGAGCTAATACCGGATGTGCCCTTCGGGGGA	ASV_0e8e27cbd233	d__Bacteria; p__Proteobacteria; c__Alphaproteobacteria; o__Caulobacterales; f__Caulobacteraceae; g__Caulobacter_487784	g__Caulobacter_487784	0.06840756563822517
0.0618528437428217	0.010625534774825	0.0267314997931625	GACGAACGCTGGCGGCGTGCTTAACACATGCAAGTCGAACGAAGAGCGACGGAAGCTTGCTTCTATCAATCTTAGTGGCGAACGGGTGAGTAACGCGTAATCAACCTGCCCTTCAGAGGGGGACAACAGTTGGAAACGACTGCTAATACC	ASV_367121152bea	d__Bacteria; p__Firmicutes_C; c__Negativicutes; o__Veillonellales; f__Veillonellaceae; g__Veillonella_A	g__Veillonella_A	0.06821472971079472
0.0082693412482611	-0.0594863895576517	-0.028363838873108	GATGAACGCTGGCGGCGTGCCTAATACATGCAAGTCGAGCGAACAGACGAGGAGCTTGCTCCTCTGACGTTAGCGGTGGACGGGTGAGTAACACGTGGATAACCTACCTATAAGACTGGGATAACTTCGGGAAACCGGAGCTAATACCGG	ASV_ea29b78f5776	d__Bacteria; p__Firmicutes_D; c__Bacilli; o__Staphylococcales; f__Staphylococcaceae; g__Staphylococcus	g__Staphylococcus	0.06641927358007252
-0.0297370779902805	-0.0584583359427369	-0.0025288588500564	GATGAACGCTAGCGATAGGCTTAACACATGCAAGTCGAGGGGCAGCATGGTCTTAGCTTGCTAAGACTGATGGCGACCGGCGCACGGGTGCGTAACGCGTATGCAACTTGCCTCACAGAGGGGGATAACCCGTCGAAAGACGGACTAATA	ASV_e07ca435fd1f	d__Bacteria; p__Bacteroidota; c__Bacteroidia; o__Bacteroidales; f__Porphyromonadaceae; g__Porphyromonas_A_859423	g__Porphyromonas_A_859423	0.065635858916277
-0.0060705149839435	0.0144784751760513	-0.0606336042622782	GACGAACGCTGGCGGCGTGCTTAACACATGCAAGTCGAACGGAAAGGCTCCTTGCTTGCAAGGGGTACTCGAGTGGCGAACGGGTGAGTAACACGTGGGTGATCTGCCTTGCACTTCGGGATAAGCCTGGGAAACTGGGTCTAATACCGG	ASV_779edb752ed7	d__Bacteria; p__Actinobacteriota; c__Actinomycetia; o__Mycobacteriales; f__Mycobacteriaceae; g__Corynebacterium; s__Corynebacterium jeikeium	g__Corynebacterium	0.06263314906204523
0.0011484203905046	-0.038538928462189	-0.0468520876786096	ATTGAACGCTGGCGGCAGGCTTAACACATGCAAGTCGAACGGTAGCAGGAGAAAGCTTGCTTTCTTGCTGACGAGTGGCGGACGGGTGAGTAATGCTTGGGAATCTGGCTTATGGAGGGGGATAACTACGGGAAACTGTAGCTAATACCG	ASV_e724e253a002	d__Bacteria; p__Proteobacteria; c__Gammaproteobacteria; o__Enterobacterales_A_737866; f__Pasteurellaceae	f__Pasteurellaceae	0.060676898373690544
0.0233277644812361	-0.0278303930882193	-0.0419202799458749	GATGAACGCTGGCGGCGTGCCTAATACATGCAAGTCGAGCGAACAGATGAGGAGCTTGCTCCTCTGACGTTAGCGGCGGACGGGTGAGTAACACGTGGATAACCTACCTATAAGACTGGGATAACTTCGGGAAACCGGAGCTAATACCGG	ASV_44c46f4dbc9d	d__Bacteria; p__Firmicutes_D; c__Bacilli; o__Staphylococcales; f__Staphylococcaceae; g__Staphylococcus	g__Staphylococcus	0.05546192609238653
0.0223551039721681	-0.0172067022691812	-0.0466850637349656	ATTGAACGCTGGCGGCAGGCTTAACACATGCAAGTCGAACGATGATTATCTAGCTTGCTAGATATGATTAGTGGCGGACGGGTGAGTAACATTTAGGAATCTGCCTAGTAGTGGGGGATAGCTCGGGGAAACTCGAATTAATACCGCATA	ASV_4403ef5edad8	d__Bacteria; p__Proteobacteria; c__Gammaproteobacteria; o__Pseudomonadales_660879; f__Moraxellaceae; g__Moraxella_A_651124; s__Moraxella_A_651124 cinereus	g__Moraxella_A_651124	0.05454646141157547
0.0219317059425791	-0.0489514707891436	0.0031815185023786	GACGAACGCTGGCGGCGTGCCTAATACATGCAAGTCGAGCGAGCGGAACTAACAGATTTACTTCGGTAATGACGTTAGGAAAGCGAGCGGCGGATGGGTGAGTAACACGTGGGGAACCTGCCCCATAGTCTGGGATACCACTTGGAAACA	ASV_fcbc3003b008	d__Bacteria; p__Firmicutes_D; c__Bacilli; o__Lactobacillales; f__Lactobacillaceae; g__Lactobacillus; s__Lactobacillus crispatus	g__Lactobacillus	0.05373423748368554
-0.0200966593610886	-0.0259425777453895	0.0408825384709798	GACGAACGCTGGCGGCGTGCCTAATACATGCAAGTAGAACGCTGAAGAGAGGAGCTTGCTCTTCTTGGATGAGTTGCGAACGGGTGAGTAACGCGTAGGTAACCTGCCTGGTAGCGGGGGATAACTATTGGAAACGATAGCTAATACCGC	ASV_4bdaf6903dad	d__Bacteria; p__Firmicutes_D; c__Bacilli; o__Lactobacillales; f__Streptococcaceae; g__Streptococcus	g__Streptococcus	0.05242399268829447
-0.0138896870481833	-0.0380981757020252	0.027922461029857	ATTGAACGCTGGCGGCAGGCTTAACACATGCAAGTCGAACGGTAACATAAAGAAGCTTGCTTCTTTGATGACGAGTGGCGGACGGGTGAGTAATGCTTGGGAATCTAGCTTATGGAGGGGGATAACTACGGGAAACTGTAGCTAATACCG	ASV_bd1a372f48e5	d__Bacteria; p__Proteobacteria; c__Gammaproteobacteria; o__Enterobacterales_A_737866; f__Pasteurellaceae; g__Haemophilus_D_735815	g__Haemophilus_D_735815	0.049234725835356666
0.0040306069070794	0.0031375023597708	-0.0485026045127254	GATGAACGCTGGCGGCGTGCCTAATACATGCAAGTCGAGCGAACAGACGAGGAGCTTGCTCCTCTGATGTTAGCGGCGGACGGGTGAGTAACACGTGGATAACCTACCTATAAGACTGGGATAACTTCGGGAAACCGGAGCTAATACCGG	ASV_83039d649066	d__Bacteria; p__Firmicutes_D; c__Bacilli; o__Staphylococcales; f__Staphylococcaceae; g__Staphylococcus	g__Staphylococcus	0.04877081460889098
-0.006119184430296	-0.0421320302859616	0.0222947803798131	GACGAACGCTGGCGGCGTGCTTAACACATGCAAGTCGAACGGTAAGGCCCCAGCTTGCTGGGGTACACGAGTGGCGAACGGGTGAGTAACACGTGGGTGACCTGCCCCGCACTTCGGGATAAGCCTGGGAAACTGGGTCTAATACCGGAT	ASV_b030808cb754	d__Bacteria; p__Actinobacteriota; c__Actinomycetia; o__Mycobacteriales; f__Mycobacteriaceae; g__Corynebacterium; s__Corynebacterium xerosis	g__Corynebacterium	0.04805839808288726
-0.0120374887507159	0.0167919731088794	-0.0403494241979978	GACGAACGCTGGCGGCGTGCTTAACACATGCAAGTCGAACGGAAAGGCCAGTGCTTGCACTGGTACTCGAGTGGCGAACGGGTGAGTAACACGTGGGTGATCTGCCTTGCACTCTGGGATAAGCTTGGGAAACTGGGTCTAATACCGGAT	ASV_e09647853a02	d__Bacteria; p__Actinobacteriota; c__Actinomycetia; o__Mycobacteriales; f__Mycobacteriaceae; g__Corynebacterium	g__Corynebacterium	0.04533152908763294
0.0126874655671859	-0.0434067240731089	-0.0009626778302713	GATTAACGCTGGCGGCGTGCATAACACATGCAAGTCGAACGATGAAACTTAGTAGACTTCTTCGGAAAGACACTAAGCGGATTAGTGGCGAACGGGTGAGTAACGCGTGAGTAACCTGCCTTACACAAGGGGATAGCCTTTGGAAACGAA	ASV_e9f93f0604b8	d__Bacteria; p__Firmicutes_A; c__Clostridia_258483; o__Tissierellales; f__Peptoniphilaceae; g__Anaerococcus	g__Anaerococcus	0.045233198271650385
-0.038031202255912	-0.0127763806804845	0.0166885253090874	GACGAACGCTGGCGGCGTGCCTAATACATGCAAGTAGAACGCTGAAGGAGGAGCTTGCTCTTCTGGATGAGTTGCGAACGGGTGAGTAACGCGTAGGTAACCTGCCTGGTAGCGGGGGATAACTATTGGAAACGATAGCTAATACCGCAT	ASV_f9425d0d0907	d__Bacteria; p__Firmicutes_D; c__Bacilli; o__Lactobacillales; f__Streptococcaceae; g__Streptococcus	g__Streptococcus	0.04345244671263972
0.0074419027884128	-0.0202737881512214	-0.0375976075755317	ATTGAACGCTGGCGGCATGCTTTACACATGCAAGTCGGACGGCAGCACAGAGAAGCTTGCTTCTTGGGTGGCGAGTGGCGAACGGGTGAGTAATATATCGGAACGTACCGAGTAATGGGGGATAACTAATCGAAAGATTAGCTAATACCG	ASV_5a5afe05a462	d__Bacteria; p__Proteobacteria; c__Gammaproteobacteria; o__Burkholderiales_597441; f__Neisseriaceae_563222; g__Neisseria_563205; s__Neisseria perflava	g__Neisseria_563205	0.043358834146186055
-0.030511059025849	-0.0106575661686125	-0.0277629658914347	GACGAACGCTGGCGGCGTGCCTAATACATGCAAGTCGAGCGAGTCTGCCTTGAAGATCGGAGTGCTTGCACTCTGTGAAACAAGATACAGGCTAGCGGCGGACGGGTGAGTAACACGTGGGTAACCTGCCCAAGAGATCGGGATAACACC	ASV_dba247b5ba77	d__Bacteria; p__Firmicutes_D; c__Bacilli; o__Lactobacillales; f__Lactobacillaceae; g__Lactobacillus; s__Lactobacillus iners	g__Lactobacillus	0.042606228589329075
-0.000474117860257	-0.0240340885254265	0.0335849063936176	GATGAACGCTGGCGGCGTGCCTAATACATGCAAGTCGAGCGAACAGACGAGGAGCTTGCTCCTTTGACGTTAGCGGCGGACGGGTGAGTAACACGTGGATAACCTACCTATAAGACTGGGATAACTTCGGGAAACCGGAGCTAATACCGG	ASV_fbd42ca23eb1	d__Bacteria; p__Firmicutes_D; c__Bacilli; o__Staphylococcales; f__Staphylococcaceae; g__Staphylococcus	g__Staphylococcus	0.04130143019874141
-0.0262344696352759	-0.0143497242614548	-0.0264234845048942	GACGAACGCTGGCGGCGTGCTTAACACATGCAAGTCGAACGATGAAGCCTAGCTTGCTAGGTGGATTAGTGGCGAACGGGTGAGTAATACGTGAGTGACCTACCTTTGACTCTGGGATAAGCCTGGGAAACTGGGTCTAATACCGGATAC	ASV_0f6f9178c9be	d__Bacteria; p__Actinobacteriota; c__Actinomycetia; o__Actinomycetales; f__Micrococcaceae; g__Rothia; s__Rothia dentocariosa	g__Rothia	0.03990441725930078
0.0070991203142342	-0.0283680798756873	0.0149208343230986	GATGAACGCTAGCTACAGGCTTAACACATGCAAGTCGAGGGGCAGCATGTTGGTTGCTTGCAACCAATGATGGCGACCGGCGCACGGGTGAGTAACGCGTATCCAACCTACCCAATACTCAGGCATAACCCGTTGAAAGACGGACTAATT	ASV_fe7c281c7308	d__Bacteria; p__Bacteroidota; c__Bacteroidia; o__Bacteroidales; f__Bacteroidaceae; g__Prevotella; s__Prevotella nanceiensis	g__Prevotella	0.03282951053498521
0.0163022914443671	-0.0159212662656437	0.0149309181039629	GATGAACGCTGGCGGCATGCTTAACACATGCAAGTCGGACGGGAAGTGGTGTTTCCAGTGGCGGACGGGTGAGTAACGCGTAAGAACCTGCCCTTGGGAGGGGAACAACAGCTGGAAACGGCTGCTAATACCCCGTAGGCTGAGGAGCAA	ASV_e9baf9fb6952	d__Bacteria; p__Bacteroidota; c__Bacteroidia; o__Bacteroidales; f__Marinilabiliaceae; g__JC017; s__JC017 sp004296775	g__JC017	0.027243049412021703
-0.0148255825088741	-0.0186896212421246	0.0004774925944935	GACGAACGCTGGCGGCGTGCCTAATACATGCAAGTAGAACGCTGAAGCTTGGTGCTTGCACCGAGCGGATGAGTTGCGAACGGGTGAGTAACGCGTAGGTAACCTGCCTGGTAGCGGGGGATAACTATTGGAAACGATAGCTAATACCGC	ASV_3f328365333c	d__Bacteria; p__Firmicutes_D; c__Bacilli; o__Lactobacillales; f__Streptococcaceae; g__Streptococcus	g__Streptococcus	0.023860591737827983
-0.0187162682267804	-0.0115915668562021	-0.0076850295309049	ATTGAACGCTGGCGGCATGCTTTACACATGCAAGTCGGACGGCAGCACAGAGAAGCTTGCTTCTTGGGTGGCGAGTGGCGAACGGGTGAGTAACATATCGGAACGTACCGAGCAGTGGGGGATAACTAATCGAAAGATTAGCTAATACCG	ASV_bce91ec2138c	d__Bacteria; p__Proteobacteria; c__Gammaproteobacteria; o__Burkholderiales_597441; f__Neisseriaceae_563222; g__Neisseria_563205; s__Neisseria macacae	g__Neisseria_563205	0.02331786434066107
