PC1	PC2	PC3	feature_id	taxonomy
-0.9240254123246938	0.0489284391663492	-0.0691004854316202	TACGTAGGTGGCAAGCGTTGTCCGGATTTATTGGGCGTAAAGCGAGCGCAGGCGGATTGATAAGTCTGATGTGAAAGCCTTCGGCTCAACCGAAGAACTGCATCAGAAACTGTCAATCTTGAGTGCAGAAGAGGAGAGTGGAACTCCATG	d__Bacteria; p__Firmicutes; c__Bacilli; o__Lactobacillales; f__Lactobacillaceae; g__Lactobacillus; s__Lactobacillus_jensenii
0.0150602028365569	0.7769556299787047	0.2780276884625707	TACGTAGGTGGCAAGCGTTATCCGGAATTATTGGGCGTAAAGCGCGCGTAGGCGGTTTCTTAAGTCTGATGTGAAAGCCCACGGCTCAACCGTGGAGGGTCATTGGAAACTGGGAAACTTGAGTGCAGAAGAGGAAAGTGGAATTCCATG	d__Bacteria; p__Firmicutes; c__Bacilli; o__Staphylococcales; f__Staphylococcaceae; g__Staphylococcus
0.0682552349115833	0.0606205608931375	-0.4989814657536335	TACGTATGTCACAAGCGTTATCCGGATTTATTGGGCGTAAAGCGCGTCTAGGCGGCTATGTAAGTCTGATGTGAAAATGCGGGGCTCAACTCCGTATTGCGTTGGAAACTGTGTAGCTAGAGTATCGGAGAGGTAAGCGGAACTACAAGT	d__Bacteria; p__Fusobacteriota; c__Fusobacteriia; o__Fusobacteriales; f__Fusobacteriaceae; g__Fusobacterium
-0.0141070904377733	-0.3923036093735674	0.0116275821084948	TACGTAGGTGGCAAGCGTTATCCGGAATTATTGGGCGTAAAGCGCGCGTAGGCGGTTTTTTAAGTCTGATGTGAAAGCCCACGGCTCAACCGTGGAGGGTCATTGGAAACTGGAAAACTTGAGTGCAGAAGAGGAAAGTGGAATTCCATG	d__Bacteria; p__Firmicutes; c__Bacilli; o__Staphylococcales; f__Staphylococcaceae; g__Staphylococcus
-0.3440761751919399	0.0228569116811775	-0.0190359168210442	TACGTAGGGTGCGAGCGTTGTCCGGATTTACTGGGCGTAAAGGGCTCGTAGGTGGTGTGTCGCGTCGTCTGTGTAATCCAGGGGCTTAACTTTTGGTTGGCAGGCGATACGGGCATTGCTTGAGTGCTGTAGGGGAGACTGGAATTCCTG	d__Bacteria; p__Actinobacteriota; c__Actinobacteria; o__Corynebacteriales; f__Corynebacteriaceae; g__Corynebacterium; s__Corynebacterium_glucuronolyticum
0.0497726337666263	-0.0008637509461589	0.2723494451694853	TACAGAGGGTGCGAGCGTTAATCGGATTTACTGGGCGTAAAGCGTGCGTAGGCGGCCACTTAAGTCGGATGTGAAATCCCCGAGCTCAACTTGGGAATTGCATTCGATACTGGGTGGCTAGAGTATGGGAGAGGAAGGTAGAATTCCAGG	d__Bacteria; p__Proteobacteria; c__Gammaproteobacteria; o__Pseudomonadales; f__Moraxellaceae; g__Acinetobacter
0.0353700164144192	0.1531741388184628	-0.250979255950409	TACGTAGGGCGCAAGCGTTATCCGGAATTATTGGGCGTAAAGAGCTTGTAGGCGGTTCGTCGCGTCTGGTGTGAAAGCCCATCGCTTAACGGTGGGTTTGCGCCGGGTACGGGCGGGCTAGAGTGCAGTAGGGGAGACTGGAATTCCCGG	d__Bacteria; p__Actinobacteriota; c__Actinobacteria; o__Bifidobacteriales; f__Bifidobacteriaceae; g__Gardnerella
-0.0101449923191797	-0.0527241437855345	0.2167971090696857	TACGTAGGGTGCGAGCGTTGTCCGGATTTATTGGGCGTAAAGGGCTCGTAGGTGGTTGATCGCGTCGGAAGTGTAATCTTGGGGCTTAACCCTGAGCGTGCTTTCGATACGGGTTGACTTGAGGAAGGTAGGGGAGAATGGAATTCCTGG	d__Bacteria; p__Actinobacteriota; c__Actinobacteria; o__Propionibacteriales; f__Propionibacteriaceae; g__Cutibacterium
-0.0030979614183088	-0.0588602409806246	0.1911186213970373	TACGGAGGGTGCGAGCGTTAATCGGAATAACTGGGCGTAAAGGGCACGCAGGCGGTGACTTAAGTGAGGTGTGAAAGCCCCGGGCTTAACCTGGGAATTGCATTTCATACTGGGTCGCTAGAGTACTTTAGGGAGGGGTAGAATTCCACG	d__Bacteria; p__Proteobacteria; c__Gammaproteobacteria; o__Pasteurellales; f__Pasteurellaceae; g__Haemophilus
-0.0071623705890618	-0.049782814167409	0.1895354470788856	TACAGAGGGTGCAAGCGTTAATCGGATTTACTGGGCGTAAAGCGCGCGTAGGTGGCCAATTAAGTCAAATGTGAAATCCCCGAGCTTAACTTGGGAATTGCATTCGATACTGGTTGGCTAGAGTATGGGAGAGGATGGTAGAATTCCAGG	d__Bacteria; p__Proteobacteria; c__Gammaproteobacteria; o__Pseudomonadales; f__Moraxellaceae; g__Acinetobacter
0.034899081554742	0.0772873127632178	-0.1873244042604147	TACGTAGGGTGCAAGCGTTAATCGGAATTACTGGGCGTAAAGCGTGCGCAGGCGGTTTTGTAAGTCTGATGTGAAATCCCCGGGCTCAACCTGGGAATTGCATTGGAGACTGCAAGGCTGGAGTCTGGCAGAGGGGGGTAGAATTCCACG	d__Bacteria; p__Proteobacteria; c__Gammaproteobacteria; o__Burkholderiales
0.0305745477511116	0.0999114541578652	-0.1805340778652212	TACGTAGGGCGCGAGCGTTGTCCGGAATTATTGGGCGTAAAGGGCTTGTAGGCGGCTTGTCGCGTCTGCCGTGAAAACCCGGGGCTTAACTCCGGGCTTGCGGTGGGTACGGGCTGGCTTGAGTGCGGTAGGGGAGACTGGAATTCCTGG	d__Bacteria; p__Actinobacteriota; c__Actinobacteria; o__Actinomycetales; f__Actinomycetaceae; g__Actinomyces
-0.0283621542963581	-0.1322328691880062	0.1617961767592681	TACGTAGGGTGCAAGCGTTAATCGGAATTATTGGGCGTAAAGCGAGTGCAGACGGTTACTTAAGCCAGATGTGAAATCCCCAAGCTTAACTTGGGACGTGCATTTGGAACTGGGTGACTAGAGTGTGTCAGAGGGAGGTAGAATTCCACA	d__Bacteria; p__Proteobacteria; c__Gammaproteobacteria; o__Burkholderiales; f__Neisseriaceae; g__uncultured; s__uncultured_bacterium
0.004963800304272	0.1453018777872359	0.0593723059580013	TACGTAGGTCTCAAGCGTTATCCGGATTTACTGGGCGTAAAGTGTCCGTAGTCTGATCTGTAAGTCTGTTTTCAAATCCTACGACTCAATCGTAGAAAGGGAGTGGATACTGCAGATCTAGAAGTATCTAGGGGTTAGTGGAATTTCCGG	d__Bacteria; p__Patescibacteria; c__Gracilibacteria; o__Absconditabacteriales_(SR1); f__Absconditabacteriales_(SR1); g__Absconditabacteriales_(SR1); s__SR1_bacterium
0.0436372924288127	-0.0096218142801676	-0.1210621206793118	TACGGAGGGTGCAAGCGTTATCCGGATTCACTGGGTTTAAAGGGTGCGTAGGCGGGCAGGTAAGTCAGTGGTGAAATCCTGGAGCTTAACTCCAGAACTGCCATTGATACTATCTGTCTTGAATATTGTGGAGGTAAGCGGAATATGTCA	d__Bacteria; p__Bacteroidota; c__Bacteroidia; o__Chitinophagales; f__Chitinophagaceae; g__Sediminibacterium
0.0230521742234143	0.0772124768294031	-0.1200106968063132	TACGTAGGGGGCAAGCGTTATCCGGAATTACTGGGTGTAAAGGGTGCGTAGGTGGTATGGCAAGTCAGAAGTGAAAACCCAGGGCTTAACTCTGGGACTGCTTTTGAAACTGTCAGACTGGAGTGCAGGAGAGGTAAGCGGAATTCCTAG	d__Bacteria; p__Firmicutes; c__Clostridia; o__Lachnospirales; f__Lachnospiraceae; g__Anaerostipes
0.0029182793444817	-0.0397092135346263	0.1068081002795751	TACGTAGGGTGCGAGCGTTGTCCGGAATTACTGGGCGTAAAGAGCTCGTAGGTGGTTTGTCGCGTCGTCTGTGAAATTCCGGGGCTTAACTCCGGGCGTGCAGGCGATACGGGCATAACTTGAGTACTGTAGGGGAGACTGGAATTCCTG	d__Bacteria; p__Actinobacteriota; c__Actinobacteria; o__Corynebacteriales; f__Corynebacteriaceae; g__Corynebacterium
0.0319264051651991	0.0039403641274398	-0.1062657979530571	TACGTAGGTGGCAAGCGTTGTCCGGATTTATTGGGCGTAAAGCGCGCGCAGGTGGTTTCTTAAGTCTGATGTGAAATCTCGCGGCTCAACCGCGAGCGGTCATTGGAAACTGGGGAACTTGAGTGCAGAAGAGGATAGTGGAATTCCAAG	d__Bacteria; p__Firmicutes; c__Bacilli; o__Bacillales; f__Planococcaceae; g__Rummeliibacillus
0.001018548676728	-0.0434950082402741	0.1053795602154976	TACGGAAGGTCCAGGCGTTATCCGGATTTATTGGGTTTAAAGGGAGCGTAGGCGGATTATTAAGTCAGTGGTGAAAGACGGTGGCTCAACCATCGTTAGCCATTGAAACTGGTAGTCTTGAGTGCAGACAGGGATGCTGGAACTCGTGGT	d__Bacteria; p__Bacteroidota; c__Bacteroidia; o__Bacteroidales; f__Prevotellaceae; g__Alloprevotella; s__unidentified
-0.0081302552154538	0.0010399258675956	-0.0954363286702636	TACGTAGGGTACGAGCGTTGTCCGGAATTATTGGGCGTAAAGAGCTCGTAGGTGGTTGGTCACGTCTGCTGTGGAAACGCAACGCTTAACGTTGCGCGTGCAGTGGGTACGGGCTGACTAGAGTGCAGTAGGGGAGTCTGGAATTCCTGG	d__Bacteria; p__Actinobacteriota; c__Actinobacteria; o__Micrococcales; f__Brevibacteriaceae; g__Brevibacterium
0.0176520258643863	0.0508737245374206	-0.0935151312192007	TACGTATGGTGCAAGCGTTATCCGGATTTACTGGGTGTAAAGGGAGCGCAGGCGGTGCGGCAAGTCTGATGTGAAAGCCCGGGGCTCAACCCCGGTACTGCATTGGAAACTGTCGTACTAGAGTGTCGGAGGGGTAAGCGGAATTCCTAG	d__Bacteria; p__Firmicutes; c__Clostridia; o__Lachnospirales; f__Lachnospiraceae; g__Agathobacter
-0.0019266695365006	-0.0642155063412275	-0.0913163736914446	TACGTAGGGTGCGAGCGTTATCCGGAATTATTGGGCGTAAAGAGCTCGTAGGCGGTTTGTCGCGTCTGTCGTGAAAGTCCGGGGCTTAACCCCGGATCTGCGGTGGGTACGGGCAGACTAGAGTGCAGTAGGGGAGACTGGAATTCCTGG	d__Bacteria; p__Actinobacteriota; c__Actinobacteria; o__Micrococcales; f__Micrococcaceae; g__Micrococcus
0.0039951698984148	0.0172157483500077	-0.0904553668696696	TACGTAGGGTGCGAGCGTTGTCCGGAATTACTGGGCGTAAAGAGCTCGTAGGTGGTTTGTCGCGTCGTCTGTGAAATTCCGGGGCTTAACTCCGGGCGTGCAGGCGATACGGGCTGACTTGAGTGCTGTAGGGGAGACTGGAATTCCTGG	d__Bacteria; p__Actinobacteriota; c__Actinobacteria; o__Corynebacteriales; f__Corynebacteriaceae; g__Corynebacterium
0.0080131585019392	-0.0059327051369177	0.08959930722309	TACGTAGGGTACAAGCGTTGTCCGGAATTATTGGGCGTAAAGAGCTCGTAGGTGGTTTGTCGCGTCTGCTGTGGAATCGTGCCGCTTAACGGTGCGCGTGCAGTGGGTACGGGCAGACTGGAGTGCAGTAGGGGAGTCTGGAATTCCTGG	d__Bacteria; p__Actinobacteriota; c__Actinobacteria; o__Micrococcales; f__Brevibacteriaceae; g__Brevibacterium; s__Brevibacterium_ravenspurgense
0.0236805255382265	0.0882582462873632	0.0019555187134579	TACGTAGGTGGCAAGCGTTATCCGGAATTATTGGGCGTAAAGCGCGCGTAGGCGGTTTCTTAAGTCTGATGTGAAAGCCCCCGGCTCAACCGGGGAGGGTCATTGGAAACTGGGGAACTTGAGTACAGAAGAGGAGAGTGGAATTCCATG	d__Bacteria; p__Firmicutes; c__Bacilli; o__Staphylococcales; f__Staphylococcaceae
0.0084437601115417	0.0521307424033998	-0.084904674108883	TACGGAGGGTGCAAGCGTTAATCGGAATTACTGGGCGTAAAGCGCACGCAGGCGGTCTGTCAAGTCGGATGTGAAATCCCCGGGCTTAACCTGGGAACTGCATTCGAAACTGGCAGGCTAGAGTCTTGTAGAGGGGGGTAGAATTCCAGG	d__Bacteria; p__Proteobacteria; c__Gammaproteobacteria; o__Enterobacterales
0.001254786763442	-0.0033873555802281	-0.0848509220694964	TACGTAGGTGGCAAGCGTTATCCGGAATTATTGGGCGTAAAGCGCGCGTAGGCGGTAAAATAAGTCTGATGTGAAAGCCCCCGGCTCAACCGGGGAGGGTCATTGGAAACTGTTTTACTTGAGTACAGAAGAGGAGAGTGGAATTCCATG	d__Bacteria; p__Firmicutes; c__Bacilli; o__Staphylococcales; f__Staphylococcaceae; g__Jeotgalicoccus
-0.0032230882922456	-0.0715888666229431	0.0831157843907602	TACGTAGGTCCCGAGCGTTGTCCGGATTTATTGGGCGTAAAGCGAGCGCAGGCGGTTAGATAAGTCTGAAGTTAAAGGCTGTGGCTTAACCATAGTACGCTTTGGAAACTGTTTAACTTGAGTGCAAGAGGGGAGAGTGGAATTCCATGT	d__Bacteria; p__Firmicutes; c__Bacilli; o__Lactobacillales; f__Streptococcaceae; g__Streptococcus
0.0197266237145353	0.0829615407960986	-0.0341165648871308	TACGGAGGGTGCGAGCGTTAATCGGAATAACTGGGCGTAAAGGGCACGCAGGCGGACTTTTAAGTGAGATGTGAAATCCCCGAGCTTAACTTGGGAACTGCATTTCAGACTGGGAGTCTAGAGTACTTTAGGGAGGGGTAGAATTCCACG	d__Bacteria; p__Proteobacteria; c__Gammaproteobacteria; o__Pasteurellales; f__Pasteurellaceae; g__Pasteurella
0.0104421399232803	0.0352441059088642	-0.0807025890808538	TACGAAGGGTGCAAGCGTTACTCGGAATTACTGGGCGTAAAGCGTGCGTAGGTGGTCGTTTAAGTCTGTTGTGAAAGCCCTGGGCTCAACCTGGGAACTGCAGTGGAAACTGGACGACTAGAGTGTGGTAGAGGGTAGCGGAATTCCTGG	d__Bacteria; p__Proteobacteria; c__Gammaproteobacteria; o__Xanthomonadales; f__Xanthomonadaceae; g__Stenotrophomonas
0.000626161437064	-0.0798695077268978	0.0185758340599925	TACGTAGGGTGCGAGCGTTGTCCGGAATTACTGGGCGTAAAGAGCTCGTAGGCGGTTTGTCACGTCGTCTGTGAAATCCTAGGGCTTAACCCTGGACGTGCAGGCGATACGGGCTGACTTGAGTACTACAGGGGAGACTGGAATTTCTGG	d__Bacteria; p__Actinobacteriota; c__Actinobacteria; o__Corynebacteriales; f__Corynebacteriaceae; g__Lawsonella
-0.0018657517883903	-0.0743814521714903	0.0428610233402387	TACGTAGGGTGCGAGCGTTAATCGGAATTATTGGGCGTAAAGCGAGTGCAGACGGTTGTTTAAGCCAGATGTGAAATCCCCGAGCTTAACTTGGGACGTGCATTTGGAACTGGATAACTAGAGTGTGTCAGAGGGAGGTAGAATTCCACA	d__Bacteria; p__Proteobacteria; c__Gammaproteobacteria; o__Burkholderiales; f__Neisseriaceae; g__uncultured; s__uncultured_organism
0.006837540269718	0.0048239263077042	-0.0717305985847745	TACGGAGGATGCGAGCGTTATCCGGAATCATTGGGTTTAAAGGGTCCGTAGGCGGGCTAATAAGTCAGAGGTGAAAGCGCTCAGCTCAACTGAGCAACTGCCTTTGAAACTGTTAGTCTTGAATGGTTGTGAAGTAGTTGGAATGTGTAG	d__Bacteria; p__Bacteroidota; c__Bacteroidia; o__Flavobacteriales; f__Flavobacteriaceae; g__Capnocytophaga; s__Capnocytophaga_leadbetteri
-0.003363971150612	-0.0693343918058155	-0.0383910643664612	TACGTAGGGTGCGAGCGTTGTCCGGAATTACTGGGCGTAAAGGGCTCGTAGGTGGTTTGTCGCGTCGTCTGTGAAATTCCGGGGCTTAACTCCGGGCGTGCAGGCGATACGGGCATAACTTGAGTACTGTAGGGGTAACTGGAATTCCTG	d__Bacteria; p__Actinobacteriota; c__Actinobacteria; o__Corynebacteriales; f__Corynebacteriaceae; g__Corynebacterium
0.0171919819611809	0.0272085677626051	0.0671704870502611	TACGTAGGGCGCAAGCGTTATCCGGAATTATTGGGCGTAAAGAGCTCGTAGGCGGTTTGTCGCGTCTGCCGTGAAAGTCCGGGGCTTAACTCCGGATCTGCGGTGGGTACGGGCAGACTTGAGTGATGTAGGGGAGACTGGAATTCCTGG	d__Bacteria; p__Actinobacteriota; c__Actinobacteria; o__Micrococcales; f__Micrococcaceae; g__Arthrobacter
0.0042836030915989	-0.0651109286282877	0.0211234176454626	TACGTAGGGTGCGAGCGTTGTCCGGAATTACTGGGCGTAAAGGGCTCGTAGGTGGTTTGTCGCGTCGTCTGTGAAATTCTGGGGCTTAACTCCGGGCGTGCAGGCGATACGGGCATAACTTGAGTGCTGTAGGGGTAACTGGAATTCCTG	d__Bacteria; p__Actinobacteriota; c__Actinobacteria; o__Corynebacteriales; f__Corynebacteriaceae; g__Corynebacterium
0.0092565116889241	0.0359019015210289	-0.0650202865040563	TACGTAGGGTGCGAGCGTTGTCCGGAATTACTGGGCGTAAAGAGCTCGTAGGCGGTTTGTCACGTCGTCTGTGAAATCCCTCGGCTTAACCGGGGGCGTGCAGGCGATACGGGCAGACTTGAGTACTACAGGGGAGACTGGAATTCCTGG	d__Bacteria; p__Actinobacteriota; c__Actinobacteria; o__Corynebacteriales; f__Dietziaceae; g__Dietzia
-0.0036739008667534	-0.0311894586862948	0.0642161649163537	TACGTAGGTGGCAAGCGTTGTCCGGAATTATTGGGCGTAAAGCGCGCGCAGGCGGATAGGTCAGTCTGTCTTAAAAGTTCGGGGCTTAACCCCGTGATGGGATGGAAACTGCCAATCTAGAGTATCGGAGAGGAAAGTGGAATTCCTAGT	d__Bacteria; p__Firmicutes; c__Negativicutes; o__Veillonellales-Selenomonadales; f__Veillonellaceae; g__Veillonella
0.0103574693013229	0.0377128652185662	-0.0637237052442861	TACGGAGGGTGCGAGCGTTAATCGGAATGACTGGGCGTAAAGGGCACGCAGGCGGGTTGTTAAGTGAGATGTGAAAGCCCCGGGCTTAACCTGGGAATTGCATTTCAGACTGGCAATCTAGAGTATTTTAGGGAGGGGTAGAATTCCACG	d__Bacteria; p__Proteobacteria; c__Gammaproteobacteria; o__Pasteurellales; f__Pasteurellaceae; g__Frederiksenia
0.0017202896799402	0.0018336126114383	-0.0618218369551204	TACGTATGTCGCGAGCGTTATCCGGAATTATTGGGCATAAAGGGCATCTAGGCGGCCCTGTAAGTCTAGGGTGAAAACCTGCGGCTCAACCGCAGGCCTGCCCCGGAAACTACAGGGCTAGAGTGCTGGAGAGGTGGACGGAACTGCACG	d__Bacteria; p__Fusobacteriota; c__Fusobacteriia; o__Fusobacteriales; f__Leptotrichiaceae; g__Leptotrichia; s__Leptotrichia_shahii
0.0054711157866032	0.0148575918876291	-0.0604814230161268	TACGTAGGGTGCGAGCGTTAATCGGAATTACTGGGCGTAAAGCGTGCGCAGGCGGCTTTGCAAGACAGAGGTGAAATCCCCGGGCTCAACCTGGGAACTGCCTTTGTGACTGCAAGGCTAGAGTACGGCAGAGGGGGATGGAATTCCGCG	d__Bacteria; p__Proteobacteria; c__Gammaproteobacteria; o__Burkholderiales; f__Comamonadaceae
0.0099144482068075	0.0587923181871011	0.0052523320138061	TACGGAGGGGGCTAGCGTTGTTCGGAATTACTGGGCGTAAAGCGCACGTAGGCGGCTTTGTAAGTTAGAGGTGAAAGCCTGGAGCTCAACTCCAGAACTGCCTTTAAGACTGCATCGCTTGAATCCAGGAGAGGTGAGTGGAATTCCGAG	d__Bacteria; p__Proteobacteria; c__Alphaproteobacteria; o__Sphingomonadales; f__Sphingomonadaceae; g__Sphingomonas
0.0130174439653625	0.0270545989744552	-0.0585980948538892	CACGTAAGGGGCGAGCGTTGTTCGGAATTATTGGGCGTAAAGGGTATGTAGGCGGTTAGGTAAGCCTGGTGTGAAATCTACGAGCTCAACTCGTAAACTGCATTGGGTACTGCTTGACTTGAATCACGGAGGGGAAACCGGAATTCCAAG	d__Bacteria; p__Spirochaetota; c__Spirochaetia; o__Spirochaetales; f__Spirochaetaceae; g__Treponema; s__Treponema_denticola
0.0021703018754404	-0.0099085890413607	-0.0576983411867081	TACGTAGGGTGCGAGCGTTGTCCGGAATTATTGGGCGTAAAGGGCTCGTAGGCGGTTTGTCGCGTCGGGAGTGAAAACGCCGTGCTTAACACGGCGCTTGCTTCCGATACGGGCAGACTAGAGGTATTCAGGGGAGAACGGAATTCCTGG	d__Bacteria; p__Actinobacteriota; c__Actinobacteria; o__Propionibacteriales; f__Nocardioidaceae; g__Nocardioides
0.0085042503287517	0.0271267239940721	-0.05741535175734	TACGTAGGGTGCAAGCGTTGTCCGGAATTACTGGGCGTAAAGAGCTCGTAGGTGGTTTGTCGCGTCGTCTGTGAAATCCCGGGGCTTAACTTCGGGCGTGCAGGCGATACGGGCATAACTTGAGTGCTGTAGGGGAGACTGGAATTCCTG	d__Bacteria; p__Actinobacteriota; c__Actinobacteria; o__Corynebacteriales; f__Corynebacteriaceae; g__Corynebacterium
0.0083825461242491	-0.0044241755745817	-0.0563157078812977	TACAGAGGGTGCGAGCGTTAATCGGATTTACTGGGCGTAAAGCGTGCGTAGGCGGCTTATTAAGTCGGATGTGAAATCCCCGAGCTTAACTTGGGAATTGCATTCGATACTGGTGAGCTAGAGTATGGGAGAGGATGGTAGAATTCCAGG	d__Bacteria; p__Proteobacteria; c__Gammaproteobacteria; o__Pseudomonadales; f__Moraxellaceae; g__Acinetobacter
0.0033754676376113	-0.0154290017451642	0.0547098380660209	TACGTAGGGTGCAAGCGTTGTCCGGAATTACTGGGCGTAAAGAGCTCGTAGGTGGTTTGTCGCGTCGTCTGTGAAAGCCCGGGGCTTAACTCCGGGTCTGCAGGCGATACGGGCATAACTAGAGTGCTGTAGGGGAGACTGGAATTCCTG	d__Bacteria; p__Actinobacteriota; c__Actinobacteria; o__Corynebacteriales; f__Corynebacteriaceae; g__Corynebacterium
0.0286522938343248	0.0536378456973819	-0.0322241164224274	TACGTAGGTGGCAAGCGTTATCCGGAATTATTGGGCGTAAAGCGCGCGTAGGCGGTTTTTTAAGTCTGATGTGAAAGCCCACGGCTCAACCGTGGAGGGTCATTGGAAACTGTAAAACTTGAGTGCAGAAGAGGAAAGTGGAATTCCATG	d__Bacteria; p__Firmicutes; c__Bacilli; o__Staphylococcales; f__Staphylococcaceae; g__Staphylococcus
0.003367908048637	0.0237310988849701	-0.0534513703981028	TACGTAGGGGGCAAGCGTTATCCGGATTTACTGGGTGTAAAGGGAGCGTAGACGGCATAGCAAGTCTGAAGTGAAAGCCCGGGGCTCAACCCCGGAACTGCTTTGGAAACTGTTAAGCTAGAGTGTCGGAGAGGTAAGTGGAATTCCCAG	d__Bacteria; p__Firmicutes; c__Clostridia; o__Lachnospirales; f__Lachnospiraceae
0.0040865731098443	-0.0522009094315873	-0.0047738977587012	TACAGAGGGTGCGAGCGTTAATCGGAATTACTGGGCGTAAAGCGAGTGTAGGTGGCTCATTAAGTCACATGTGAAATCCCCGGGCTTAACCTGGGAACTGCATGTGATACTGGTGGTGCTAGAATATGTGAGAGGGAAGTAGAATTCCAG	d__Bacteria; p__Proteobacteria; c__Gammaproteobacteria; o__Pseudomonadales; f__Moraxellaceae; g__Enhydrobacter
0.0045905039870819	0.0046841537004806	0.0520270213420375	TACGGAGGGTGCAAGCGTTATCCGGATTTATTGGGTTTAAAGGGTCCGTAGGCGGATCTGTAAGTCAGTGGTGAAATCTCACAGCTTAACTGTGAAACTGCCATTGATACTGCAGGTCTTGAGTAAATTTGAAGTGGCTGGAATAAGTAG	d__Bacteria; p__Bacteroidota; c__Bacteroidia; o__Flavobacteriales; f__Weeksellaceae; g__Chryseobacterium
-0.0039752420367755	-0.036700977211752	0.0513491403972283	TACGTAGGGCGCGAGCGTTGTCCGGAATTATTGGGCGTAAAGAGCTCGTAGGCGGCTGGTCGCGTCTGTCGTGAAATCCTCTGGCTTAACTGGGGGCTTGCGGTGGGTACGGGCCGGCTTGAGTGCGGTAGGGGAGACTGGAACTCCTGG	d__Bacteria; p__Actinobacteriota; c__Actinobacteria; o__Actinomycetales; f__Actinomycetaceae; g__Actinomyces
0.007257537547558	-0.0202160266630518	-0.051226309760492	TACGGAGGGTGCAAGCGTTAATCGGAATTACTGGGCGTAAAGCGCACGCAGGCGGTCTGTCAAGTCGGATGTGAAATCCCCGGGCTCAACCTGGGAACTGCATTCGAAACTGGCAGGCTAGAGTCTTGTAGAGGGGGGTAGAATTCCAGG	d__Bacteria; p__Proteobacteria; c__Gammaproteobacteria; o__Enterobacterales; f__Enterobacteriaceae
0.0022071723188529	-0.0413253789166655	0.0510093544744316	TACGTAGGGTGCGAGCGTTGTCCGGAATTACTGGGCGTAAAGAGCTCGTAGGTGGTTTGTCGCGTCGTTTGTGTAAGCCCGCAGCTTAACTGCGGGACTGCAGGCGATACGGGCATAACTTGAGTGCTGTAGGGGAGACTGGAATTCCTG	d__Bacteria; p__Actinobacteriota; c__Actinobacteria; o__Corynebacteriales; f__Corynebacteriaceae; g__Corynebacterium
0.0132422034656302	0.0502567299445386	-0.0432738009582098	TACGTAGGGTGCAAGCGTTAATCGGAATTACTGGGCGTAAAGCGTGCGCAGGCGGTTTTGTAAGTCTGACGTGAAAGCCCCGGGCTCAACCTGGGAATTGCGTTGGAGACTGCAAGGCTTGAATCTGGCAGAGGGGGGTAGAATTCCACG	d__Bacteria; p__Proteobacteria; c__Gammaproteobacteria; o__Burkholderiales; f__Oxalobacteraceae; g__Massilia
0.0113134289647372	0.0332477362956823	-0.0498949843041148	TACGTAGGGGGCAAGCGTTATCCGGATTTACTGGGTGTAAAGGGAGCGTAGACGGAGCAGCAAGTCTGATGTGAAAGGCGGGGGCTCAACCCCCGGACTGCATTGGAAACTGTTGATCTTGAGTACCGGAGAGGTAAGCGGAATTCCTAG	d__Bacteria; p__Firmicutes; c__Clostridia; o__Lachnospirales; f__Lachnospiraceae; g__Blautia; s__Blautia_caecimuris
0.0210455134037641	-0.0375273015755387	-0.0489876615209056	TACGTAGGTGGCAAGCGTTGTCCGGAATTATTGGGCGTAAAGCGCGCGCAGGCGGCCTATCCAGTCTGTCTTAAAAGTTCGGGGCTCAACCCCGTGATGGGATGGAAACTAGTAGGCTAGAGTATCGGAGAGGAAAGCGGAATTCCTAGT	d__Bacteria; p__Firmicutes; c__Negativicutes; o__Veillonellales-Selenomonadales; f__Veillonellaceae; g__Veillonella; s__Veillonella_sp.
0.0032738162785152	-0.0003359022640957	0.0488784467941744	TACGTATGTCGCAAGCGTTATCCGGAATTATTGGGCATAAAGGGCATCTAGGCGGCCAGATAAGTCTGGGGTGAAAACTTGCGGCTCAACCGCAAGCCTGCCCTGGAAACTATGTGGCTAGAGTACTGGAGAGGTGGACGGAACTGCACG	d__Bacteria; p__Fusobacteriota; c__Fusobacteriia; o__Fusobacteriales; f__Leptotrichiaceae; g__Leptotrichia
0.007937764467014	-0.0156676666358292	-0.0484475889630783	TACGTAGGTGGCAAGCGTTGTCCGGATTTATTGGGCGTAAAGCGAGCGCAGGCGGTTTCTTAAGTCTGATGTGAAAGCCTTCGGCTCAACCGAAGAAGTGCATCGGAAACTGGGAAACTTGAGTGCAGAAGAGGACAGTGGAACTCCATG	d__Bacteria; p__Firmicutes; c__Bacilli; o__Lactobacillales; f__Lactobacillaceae; g__Lactobacillus
0.0067418561238461	0.0014562574463696	-0.0482457021825625	TACGGAGGATACGAGCGTTATCCGGAATTATTGGGTTTAAAGGGTGCGTAGGTGGCGTATTAAGTCAGTGGTGAAAAGCTGCAGCTCAACTGTAGTCTTGCCGTTGAAACTGATATGCTAGAGAGGAGACGAGGTATGCGGAATGTGTGG	d__Bacteria; p__Bacteroidota; c__Bacteroidia; o__Bacteroidales; f__Porphyromonadaceae; g__Porphyromonas
0.0026545835172634	-0.0481720959828244	-0.025824128617715	TACGTAGGTGGCAAGCGTTGTCCGGAATTATTGGGCGTAAAGCGCGCGCAGGTGGTTTAATAAGTCTGATGTGAAAGCCCACGGCTCAACCGTGGAGGGTCATTGGAAACTGTTAAACTTGAGTGCAGGAGAGAAAAGTGGAATTCCTAG	d__Bacteria; p__Firmicutes; c__Bacilli; o__Staphylococcales; f__Gemellaceae; g__Gemella
-0.0069007296558707	-0.0475006096855228	0.0441082300387042	TACGTAGGGTGCAAGCGTTAATCGGAATTATTGGGCGTAAAGCGAGTGCAGACGGTTACTTAAGCCAGATGTGAAATCCCCAAGCTTAACTTGGGACGTGCATTTGGAACTGGGTAACTAGAGTGTGTCAGAGGGAGGTAGAATTCCACA	d__Bacteria; p__Proteobacteria; c__Gammaproteobacteria; o__Burkholderiales; f__Neisseriaceae; g__uncultured; s__uncultured_bacterium
0.025754656566279	0.0066339555612145	-0.0467641413024222	TACGGAAGGTCCAGGCGTTATCCGGATTTATTGGGTTTAAAGGGAGTGTAGGCGGTCTGTTAAGCGTGTTGTGAAATTTAGGTGCTCAACATCTACCTTGCAGCGCGAACTGGCGGACTTGAGTGCACGCAACGTATGCGGAATTCATGG	d__Bacteria; p__Bacteroidota; c__Bacteroidia; o__Bacteroidales; f__Prevotellaceae; g__Prevotella; s__Prevotella_intermedia
0.0019310679067885	-0.0050502551578996	0.0465416971794415	TACGTAGGTGACAAGCGTTGTCCGGATTTATTGGGCGTAAAGGGAGCGCAGGCGGTCTGTTTAGTCTAATGTGAAAGCCCACGGCTTAACCGTGGAACGGCATTGGAAACTGACAGACTTGAATGTAGAAGAGGAAAATGGAATTCCAAG	d__Bacteria; p__Firmicutes; c__Bacilli; o__Lactobacillales; f__Carnobacteriaceae; g__Dolosigranulum
0.0059998931529698	-0.0103490714122302	-0.0461549326876764	TACGTATGTCGCAAGCGTTATCCGGAATTATTGGGCTTAAAGGGCATCTAGGCGGTATAACAAGTTGAAGGTGAAAAGCTGTAGCTCAACTATAGTCTTGCCTACAAAACTGTAATACTAGAGTACTGGAAAGGTGGGTGGAACTACACG	d__Bacteria; p__Fusobacteriota; c__Fusobacteriia; o__Fusobacteriales; f__Leptotrichiaceae; g__uncultured
0.0017898753653551	-0.0459881718063181	-0.0235790276257196	TACGTAGGTGGCAAGCGTTGTCCGGATTTATTGGGCGTAAAGCGAGCGCAGGCGGAAGAATAAGTCTGATGTGAAAGCCCTCGGCTTAACCGAGGAACTGCATCGGAAACTGTTTTTCTTGAGTGCAGAAGAGGAGAGTGGAACTCCATG	d__Bacteria; p__Firmicutes; c__Bacilli; o__Lactobacillales; f__Lactobacillaceae; g__Lactobacillus
0.0014404638844316	0.0030845826974893	0.0453722414048674	TACGTAGGGCGCAAGCGTTATCCGGAATTATTGGGCGTAAAGAGCTTGTAGGCGGTTCGTCGCGTCTGGTGTGAAAGCCCATCGCTTAACGGTGGGTCTGCGCCGGGTACGGGCGGGCTAGAGTGCAGTAGGGGAGACTGGAATTCCCGG	d__Bacteria; p__Actinobacteriota; c__Actinobacteria; o__Bifidobacteriales; f__Bifidobacteriaceae; g__Gardnerella
-0.0008828401203836	-0.0448507980825924	0.017649199639387	TACGTAGGGTGCGAGCGTTGTCCGGAATTACTGGGCGTAAAGAGCTCGTAGGTGGTTTGTTGCGTCGTCTGTGAAATTCCGGGGCTTAACTTCGGGGTGGCAGGCGATACGGGCATAACTAGAGTGCTGTAGGGGAGACTGGAATTCCTG	d__Bacteria; p__Actinobacteriota; c__Actinobacteria; o__Corynebacteriales; f__Corynebacteriaceae; g__Corynebacterium; s__Corynebacterium_matruchotii
0.0027826049431104	0.0082615279800464	0.0444036773656402	TACGGAGGGTGCAAGCGTTAATCGGAATTACTGGGCGTAAAGCGCACGCAGGCGGTCTGTCAAGTCGGATGTGAAATCCCCGGGCTCAACCTGGGAACTGCATTCGAAACTGGCAGGCTGGAGTCTTGTAGAGGGGGGTAGAATTCCAGG	d__Bacteria; p__Proteobacteria; c__Gammaproteobacteria; o__Enterobacterales; f__Enterobacteriaceae
0.0079930956808986	0.0005252259271888	0.0438062963605011	TACAGAGGGTGCGAGCGTTAATCGGATTTACTGGGCGTAAAGCGTGCGTAGGCGGCTTTTTAAGTCGGATGTGAAATCCCCGAGCTTAACTTGGGAATTGCATTCGATACTGGGAAGCTAGAGTATGGGAGAGGATGGTAGAATTCCAGG	d__Bacteria; p__Proteobacteria; c__Gammaproteobacteria; o__Pseudomonadales; f__Moraxellaceae; g__Acinetobacter
0.0107388574309814	0.03061845625275	-0.0435346611168232	TACGGAGGGTGCAAGCGTTAATCGGAATTACTGGGCGTAAAGCGCACGCAGGCGGTCTGTTAAGTCAGATGTGAAATCCCCGGGCTTAACCTGGGAACTGCATTTGAAACTGGCAGGCTTGAGTCTCGTAGAGGGGGGTAGAATTCCAGG	d__Bacteria; p__Proteobacteria; c__Gammaproteobacteria; o__Enterobacterales; f__Erwiniaceae; g__Pantoea
0.0044074407976981	0.0032799579967399	0.0431924025935427	TACGAAGGGGGCTAGCGTTGCTCGGAATCACTGGGCGTAAAGGGTGCGTAGGCGGGTCTTTAAGTCAGGGGTGAAATCCTGGAGCTCAACTCCAGAACTGCCTTTGATACTGAAGATCTTGAGTTCGGGAGAGGTGAGTGGAACTGCGAG	d__Bacteria; p__Proteobacteria; c__Alphaproteobacteria; o__Rhizobiales; f__Xanthobacteraceae; g__Bradyrhizobium
-0.0050180712220165	-0.0429510457172543	-0.0024907744156107	TACGTAGGGTGCGAGCGTTGTCCGGAATTACTGGGCGTAAAGAGCTCGTAGGTGGTTTGTCGCGTCGTCTGTGAAATTCTGGGGCTTAACTCCGGGCGTGCAGGCGATACGGGCATAACTTGAGTGCTGTAGGGGTAACTGGAATTCCTG	d__Bacteria; p__Actinobacteriota; c__Actinobacteria; o__Corynebacteriales; f__Corynebacteriaceae; g__Corynebacterium
0.00042637292484	-0.0007770668445555	0.0429451599701485	TACGAAGGGGGCTAGCGTTGCTCGGAATTACTGGGCGTAAAGGGAGCGTAGGCGGACATTTAAGTCAGGGGTGAAATCCCGGGGCTCAACCTCGGAATTGCCTTTGATACTGGGTGTCTTGAGTATGAGAGAGGTGTGTGGAACTCCGAG	d__Bacteria; p__Proteobacteria; c__Alphaproteobacteria; o__Caulobacterales; f__Caulobacteraceae; g__Brevundimonas
0.0069770875499659	0.0423364534415996	-0.009327640976797	TACGGAGGATCCGAGCGTTATCCGGATTTATTGGGTTTAAAGGGAGCGTAGGTGGATTGTTAAGTCAGTTGTGAAAGTTTGCGGCTCAACCGTAAAATTGCAGTTGAAACTGGCAGTCTTGAGTACAGTAGAGGTGGGCGGAATTCGTGG	d__Bacteria; p__Bacteroidota; c__Bacteroidia; o__Bacteroidales; f__Bacteroidaceae; g__Bacteroides
-0.007286538315816	-0.0422395669475982	0.0308619690961215	TACGTAGGTCCCGAGCGTTGTCCGGATTTATTGGGCGTAAAGCGAGCGCAGGCGGTTTGATAAGTCTGAAGTTAAAGGCTGTGGCTCAACCATAGTTCGCTTTGGAAACTGTCAAACTTGAGTGCAGAAGGGGAGAGTGGAATTCCATGT	d__Bacteria; p__Firmicutes; c__Bacilli; o__Lactobacillales; f__Streptococcaceae; g__Streptococcus
0.0005963373221193	-0.0414434002364892	0.0238301335981657	TACGTAGGTGGCAAGCGTTGTCCGGATTTATTGGGCGTAAAGCGAGTGCAGGCGGCTCGATAAGTCTGATGTGAAAGCCTTCGGCTCAACCGGAGAATTGCATCAGAAACTGTCGAGCTTGAGTACAGAAGAGGAGAGTGGAACTCCATG	d__Bacteria; p__Firmicutes; c__Bacilli; o__Lactobacillales; f__Lactobacillaceae; g__Lactobacillus; s__Lactobacillus_iners
0.005379121728143	-0.0017500310898419	-0.0409494889846379	TACGTAGGTCCCGAGCGTTGTCCGGATTTATTGGGCGTAAAGCGAGCGCAGGCGGTTAGATAAGTCTGAAGTTAAAGGCTGTGGCTTAACCATAGTACGCTTTGGAAACTGTTTAACTTGAGTGCAGAAGGGGAGAGTGGAATTCCATGT	d__Bacteria; p__Firmicutes; c__Bacilli; o__Lactobacillales; f__Streptococcaceae; g__Streptococcus
-0.0031252192500163	-0.040872501695103	0.0349485372390329	TACGTATGGAGCGAGCGTTGTCCGGAATTATTGGGCGTAAAGGGTACGCAGGCGGTTTAATAAGTCGAATGTTAAAGATCGGGGCTCAACCCCGTAAAGCATTGGAAACTGATAAACTTGAGTAGTGGAGAGGAAAGTGGAATTCCTAGT	d__Bacteria; p__Firmicutes; c__Clostridia; o__Peptostreptococcales-Tissierellales; f__Peptostreptococcales-Tissierellales; g__Finegoldia
-0.0075338201520791	-0.040870763903208	0.0260415245390592	TACGTAGGGTGCGAGCGTTAATCGGAATTACTGGGCGTAAAGCGGGCGCAGACGGTTACTTAAGCAGGATGTGAAATCCCCGGGCTCAACCTGGGAACTGCGTTCTGAACTGGGTGACTAGAGTGTGTCAGAGGGAGGTAGAATTCCACG	d__Bacteria; p__Proteobacteria; c__Gammaproteobacteria; o__Burkholderiales; f__Neisseriaceae; g__Neisseria
0.004264423532739	-0.0406529387936641	-0.0375932281362895	TACGGAGGGTGCGAGCGTTAATCGGAATAACTGGGCGTAAAGGGCACGCAGGCGGTTATTTAAGTGAGGTGTGAAAGCCCCGGGCTTAACCTGGGAATTGCATTTCAGACTGGGTAACTAGAGTACTTTAGGGAGGGGTAGAATTCCACG	d__Bacteria; p__Proteobacteria; c__Gammaproteobacteria; o__Pasteurellales; f__Pasteurellaceae; g__Haemophilus
0.0077803851142022	0.009972219725849	0.0404709745368581	TACGTAGGGCGCGAGCGTTGTCCGGAATTATTGGGCGTAAAGAGCTCGTAGGCGGCTGGTCGCGTCTGTCGTGAAATCCTCTGGCTTAACTGGGGGCGTGCGGTGGGTACGGGCCGGCTTGAGTGCGGTAGGGGAGGCTGGAATTCCTGG	d__Bacteria; p__Actinobacteriota; c__Actinobacteria; o__Actinomycetales; f__Actinomycetaceae; g__Actinomyces
0.0092301481276745	0.0135846515101884	-0.0404034659383215	TACGTATGTCACGAGCGTTATCCGGATTTATTGGGCGTAAAGCGCGTCTAGGTGGTTATGTAAGTCTGATGTGAAAATGCAGGGCTCAACTCTGTATTGCGTTGGAAACTGTGTAACTAGAGTACTGGAGAGGTAAGCGGAACTACAAGT	d__Bacteria; p__Fusobacteriota; c__Fusobacteriia; o__Fusobacteriales; f__Fusobacteriaceae; g__Fusobacterium
0.0081184497292617	-0.0362974045241535	-0.04032878501617	TACGTAGGGTGCGAGCGTTGTCCGGAATTACTGGGCGTAAAGAGCTCGTAGGTGGTTTGTCGCGTCGTCTGTGAAATTCCGGGGCTTAACTTCGGGCGTGCAGGCGATACGGGCATAACTTGAGTGCTGTAGGGGAGACTGGAATTCCTG	d__Bacteria; p__Actinobacteriota; c__Actinobacteria; o__Corynebacteriales; f__Corynebacteriaceae; g__Corynebacterium
0.0150481024414149	0.0173256938381413	-0.0400500611954144	TACGTAGGGGGCGAGCGTTGTCCGGAATTATTGGGCGTAAAGCGCGCGCAGGCGGTCCCTTAAGTCTGATGTGAAAGCCCACGGCTCAACCGTGGAGGGTCATTGGAAACTGGGGGACTTGAGTGCAGAAGAGGAGAGCGGAATTCCACG	d__Bacteria; p__Firmicutes; c__Bacilli; o__Bacillales; f__Bacillaceae; g__Geobacillus
0.0005053521478003	-0.0242491355006705	0.03998439646028	TACAGAGGGTGCGAGCGTTAATCGGATTTACTGGGCGTAAAGCGTGCGTAGGCGGCTTCTTAAGTCGGATGTGAAATCCCTGAGCTTAACTTAGGAATTGCATTCGATACTGGGAAGCTAGAGTATGGGAGAGGATGGTAGAATTCCAGG	d__Bacteria; p__Proteobacteria; c__Gammaproteobacteria; o__Pseudomonadales; f__Moraxellaceae; g__Acinetobacter
0.0016034257078204	0.0059443513329066	0.0398228945363164	TACAGAGGGTGCAAGCGTTAATCGGATTTACTGGGCGTAAAGCGCGCGTAGGCGGCTAATTAAGTCAAATGTGAAATCCCCGAGCTTAACTTGGGAATTGCATTCGATACTGGTTAGCTAGAGTGTGGGAGAGGATGGTAGAATTCCAGG	d__Bacteria; p__Proteobacteria; c__Gammaproteobacteria; o__Pseudomonadales; f__Moraxellaceae; g__Acinetobacter
0.0008739510384626	0.012867529573434	0.0398093825001686	TACGGAAGGTCCAGGCGTTATCCGGATTTATTGGGTTTAAAGGGAGCGTAGGCCGTTTGATAAGCGTGCTGTGAAATTTAGAGGCTCAACCTCTACCGTGCAGCGCGAACTGTCAGACTTGAGTGCGTAGTAGGTAGGCGGAATTCGTGG	d__Bacteria; p__Bacteroidota; c__Bacteroidia; o__Bacteroidales; f__Prevotellaceae; g__Prevotella; s__Prevotella_nanceiensis
0.0021423180661919	-0.0393073236621434	-0.0082273075574341	TACGTAAGGACCGAGCGTTGTCCGGAATCATTGGGCGTAAAGGGTACGTAGGCGGCTAGAAAAGTTAGAAGTCAAAGGCTATAGCTCAACTATAGTAAGCTTCTAAAACTATTTAGCTTGAGAAATGGAAGGGAAAGTGGAATTCCTAGT	d__Bacteria; p__Firmicutes; c__Clostridia; o__Peptostreptococcales-Tissierellales; f__Peptostreptococcales-Tissierellales; g__Anaerococcus; s__Anaerococcus_nagyae
-0.0092391652739294	-0.0350081724290425	0.0391512755133371	TACGTAGGTGGCAAGCGTTGTCCGGATTTATTGGGCGTAAAGCGAGCGCAGGCGGTCAATTAAGTCTGATGTGAAAGCCCCCGGCTCAACCGGGGAGGGTCATTGGAAACTGGTTGACTTGAGTGCAGAAGAGGAGAGTGGAATTCCATG	d__Bacteria; p__Firmicutes; c__Bacilli; o__Lactobacillales
0.0025861264024991	0.0112402099004684	0.0386171035488629	TACGTATGGACCGAGCGTTGTCCGGAATCATTGGGCGTAAAGGGTACGTAGGCGGCCTAATAAGTTAGAAGTGAAAGAATATAGCTCAACTATATAAAGCTTTTAAAACTGTTAGGCTTGAGAGATGAAAGGGAAAGTGGAATTCCTAGT	d__Bacteria; p__Firmicutes; c__Clostridia; o__Peptostreptococcales-Tissierellales; f__Peptostreptococcales-Tissierellales; g__Anaerococcus
-0.0197590622909157	-0.0159952319548488	0.0386058268488802	TACGGAGGGTGCGAGCGTTAATCGGAATAACTGGGCGTAAAGGGCACGCAGGCGGCTATTTAAGTGAGGTGTGAAATCCCCGGGCTTAACCTGGGAATTGCATTTCAGACTGGGTAGCTAGAGTACTTTAGGGAGGGGTAGAATTCCACG	d__Bacteria; p__Proteobacteria; c__Gammaproteobacteria; o__Pasteurellales; f__Pasteurellaceae; g__Aggregatibacter
0.008191546074836	-0.0012220697721501	0.0385574801445124	TACAGAGGGTGCAAGCGTTAATCGGAATTACTGGGCGTAAAGCGCGCGTAGGCGGTTACGTAAGTTGGATGTGAAATCCCCGGGCTCAACCTGGGAATTGCATTCAAAACTGCGTGGCTAGAGTGTGGGAGAGGAAGGTAGAATTCCAGG	d__Bacteria; p__Proteobacteria; c__Gammaproteobacteria; o__Pseudomonadales; f__Moraxellaceae; g__Perlucidibaca
-0.0008855568012905	6.663257125591502e-07	0.0384348503594213	TACGTAGGTGACAAGCGTTGTCCGGATTTATTGGGCGTAAAGCGAGCGCAGGCGGTCCGGTAAGTCTGATGTGAAAGCCCACGGCTCAACCGTGGAACGGCATTGGAAACTGGCGGACTTGAATGTAGCAGAGGAAAGTGGAATTCCATG	d__Bacteria; p__Firmicutes; c__Bacilli; o__Lactobacillales; f__Carnobacteriaceae; g__Alloiococcus
0.0032954000435651	-0.013758888929848	0.0382060594701253	TACGTATGTCACGAGCGTTATCCGGATTTATTGGGCGTAAAGCGCGTCTAGGTGGTTATGTAAGTCTGATGTGAAAATGCAGGGCTCAACTCTGTATTGCGTTGGAAACTGTATAACTAGAGTACTGGAGAGGTAAGCGGAACTACAAGT	d__Bacteria; p__Fusobacteriota; c__Fusobacteriia; o__Fusobacteriales; f__Fusobacteriaceae; g__Fusobacterium
-0.0014959534974558	-0.0381044213016679	-0.0030379285044698	TACGTAGGGTGCAAGCGTTAATCGGAATTACTGGGCGTAAAGCGTGCGCAGGCGGTTGTGTAAGACAGGTGTGAAATCCCCGGGCTTAACCTGGGAATTGCATTTGTGACTGCACGACTAGAGTGTGTCAGAGGGGGGTGGAATTCCACG	d__Bacteria; p__Proteobacteria; c__Gammaproteobacteria; o__Burkholderiales; f__Burkholderiaceae; g__Limnobacter
-0.0006499109850644	-0.0018047855226563	-0.0367075674015689	TACGTAGGGCGCAAGCGTTGTCCGGAATTATTGGGCGTAAAGAGCTCGTAGGCGGTTTGTCGCGTCTGCTGTGAAAGCCCGGGGCTTAACCCCGGGTGTGCAGTGGGTACGGGCAGACTAGAGTGCAGTAGGGGAGACTGGAATTCCTGG	d__Bacteria; p__Actinobacteriota; c__Actinobacteria; o__Micrococcales; f__Micrococcaceae; g__Kocuria
0.0021212304329603	-0.0143626843638395	0.0363611275940179	TACGTATGTCACAAGCGTTATCCGGATTTATTGGGCGTAAAGCGCGTCTAGGTGGTTATGTAAGTCTGATGTGAAAATGCAGGGCTCAACTCTGTATTGCGTTGGAAACTGCATGACTAGAGTACTGGAGAGGTAAGCGGAACTACAAGT	d__Bacteria; p__Fusobacteriota; c__Fusobacteriia; o__Fusobacteriales; f__Fusobacteriaceae; g__Fusobacterium
0.0058980899308503	-0.0065272399865899	-0.0362800329878932	TACAGAGGGTGCAAGCGTTAATCGGAATTACTGGGCGTAAAGCGCGCGTAGGTGGTTATTTAAGTCAGATGTGAAAGCCCCGGGCTTAACCTGGGAACTGCATCTGATACTGGATAACTAGAGTAGGTGAGAGGGGAGTAGAATTCCAGG	d__Bacteria; p__Proteobacteria; c__Gammaproteobacteria; o__Pseudomonadales; f__Moraxellaceae; g__Moraxella
0.0096760884469241	0.003997443053334	0.0359657911130903	TACGAAGGGTGCAAGCGTTACTCGGAATTACTGGGCGTAAAGCGTGCGTAGGTGGTTCGTTAAGTCTGATGTGAAAGCCCTGGGCTCAACCTGGGAACTGCATTGGATACTGGCGATCTGGAGTGCGGTAGAGGGTGGCGGAATTCCCGG	d__Bacteria; p__Proteobacteria; c__Gammaproteobacteria; o__Xanthomonadales; f__Xanthomonadaceae; g__Lysobacter
0.0045723672913005	0.0124769410022622	-0.0359297421150138	TACGGAAGGTCCAGGCGTTATCCGGATTTATTGGGTTTAAAGGGAGCGTAGGCCGGAGATTAAGTGTGTTGTGAAATGTAGACGCTCAACGTCTGACTTGCAGCGCATACTGGTTTCCTTGAGTACGCACAACGTTGGCGGAATTCGTCG	d__Bacteria; p__Bacteroidota; c__Bacteroidia; o__Bacteroidales; f__Prevotellaceae; g__Prevotella
0.0002546865438921	-0.0144233728304177	0.0358365859547476	TACGTAGGGCGCAAGCGTTGTCCGGAATTATTGGGCGTAAAGAGCTTGTAGGTGGCTTGTCGCGTCTGCCGTGAAAACCCGAGGCTCAACCTCGGGCGTGCGGTGGGTACGGGCAGGCTAGAGTGTGGTAGGGGAGACTGGAACTCCTGG	d__Bacteria; p__Actinobacteriota; c__Actinobacteria; o__Micrococcales; f__Dermabacteraceae; g__Brachybacterium
0.0038176996762859	0.0049302793467397	0.0350882506223982	TACGTAGGGTGCGAGCGTTAATCGGAATTACTGGGCGTAAAGCGAGCGCAGACGGTTACTTAAGCAGGATGTGAAATCCCCGGGCTTAACCTGGGAACTGCGTTCTGAACTGGGTGGCTAGAGTATGTCAGAGGGGGGTAGAATTCCACG	d__Bacteria; p__Proteobacteria; c__Gammaproteobacteria; o__Burkholderiales; f__Neisseriaceae
0.0104082727121972	0.0224997202463716	-0.0345999052499678	TACAGAGGGTGCAAGCGTTAATCGGAATTACTGGGCGTAAAGCGCGCGTAGGTGGTTTGTTAAGTCGGATGTGAAATCCCAGGGCTCAACCTTGGAATGGCACCCGATACTGGCAGGCTAGAGTATGGTAGAGGGGTGTGGAATTTCCTG	d__Bacteria; p__Proteobacteria; c__Gammaproteobacteria; o__Oceanospirillales; f__Marinomonadaceae; g__Marinomonas
0.0095726980480723	0.034519608361211	-0.0118006523750265	TACGGAGGGTGCAAGCGTTATCCGGATTTATTGGGTTTAAAGGGTCCGTAGGCGGATCTGTAAGTCAGTGGTGAAATCTCACAGCTTAACTGTGAAACTGCCATTGATACTGCAGGTCTTGAGTGTTGTTGAAGTAGCTGGAATAAGTAG	d__Bacteria; p__Bacteroidota; c__Bacteroidia; o__Flavobacteriales; f__Weeksellaceae; g__Chryseobacterium
0.0068795014049568	0.0163933496646985	0.0344370589963842	TACGTAGGTGGCAAGCGTTGTCCGGATTTATTGGGCGTAAAGCGAGCGCAGGCGGAATGATAAGTCTGATGTGAAAGCCCACGGCTCAACCGTGGAACTGCATCGGAAACTGTCATTCTTGAGTGCAGAAGAGGAGAGTGGAATTCCATG	d__Bacteria; p__Firmicutes; c__Bacilli; o__Lactobacillales; f__Lactobacillaceae; g__Lactobacillus
0.0046704025923619	-0.0184776987965218	0.0343189363986174	TACGAAGGGGGCTAGCGTTGCTCGGAATTACTGGGCGTAAAGGGAGCGTAGGCGGACTGTTTAGTCAGAGGTGAAAGCCCAGGGCTCAACCTTGGAATTGCCTTTGATACTGGCAGTCTTGAGTACGGAAGAGGTATGTGGAACTCCGAG	d__Bacteria; p__Proteobacteria; c__Alphaproteobacteria; o__Caulobacterales; f__Caulobacteraceae; g__Caulobacter
0.0066678617006591	-0.0337378561557475	0.0001246198591129	GACGTAGGGGGCGAGCGTTGTCCGGAATTATTGGGCGTAAAGGGCTCCTAGGCGGTTCAGTAAGTCGACTGTGAAAATCCAAGGCTCAACCTTGGGACGCCAGTCGATACTGCTGTGACTCGAGTTCGGTAGAGGAGTGTGGAATTCCTG	d__Bacteria; p__Actinobacteriota; c__Acidimicrobiia; o__Microtrichales; f__uncultured; g__uncultured; s__uncultured_Actinomycetales
0.0033843400042226	0.0016924268293317	0.0331206607996417	TACGTAGGGGGCTAGCGTTATCCGGATTTACTGGGCGTAAAGGGTGCGTAGGTGGTCCTTCAAGTCGGTGGTTAAAGGCTACGGCTCAACCGTAGTAAGCCGCCGAAACTGGAGGACTTGAGTGCAGGAGAGGAAAGTGGAATTCCCAGT	d__Bacteria; p__Firmicutes; c__Clostridia; o__Peptostreptococcales-Tissierellales; f__Peptostreptococcaceae; g__Peptostreptococcus
-0.0027285347038523	-0.0327893592121473	0.0290381855120842	TACGTAGGGTGCGAGCGTTAATCGGAATTACTGGGCGTAAAGCGAGCGCAGACGGTTACTTAAGCAGGATGTGAAATCCCCGGGCTCAACCTGGGAACTGCGTTCTGAACTGGGTGACTAGAGTGTGTCAGAGGGAGGTAGAATTCCACG	d__Bacteria; p__Proteobacteria; c__Gammaproteobacteria; o__Burkholderiales; f__Neisseriaceae; g__Neisseria
0.0079516567948328	0.0176000275685816	-0.0327129246005746	TACGTAGGGCGCGAGCGTTGTCCGGAATTATTGGGCGTAAAGGGCTTGTAGGCGGCTGGTCGCGTCTGCCGTGAAATCCTCTGGCTCAGCTGGGGGCGTGCGGTGGGTACGGGCTGGCTTGAGTGCGGTAGGGGAGGCTGGAACTCCTGG	d__Bacteria; p__Actinobacteriota; c__Actinobacteria; o__Actinomycetales; f__Actinomycetaceae; g__Actinomyces; s__Actinomyces_israelii
0.0117280386698718	0.0001457089384657	-0.0325451766366895	TACGTAGGGTGCGAGCGTTGTCCGGAATTACTGGGCGTAAAGAGCTCGTAGGTGGTTTGTCGCGTCGTCTGTGAAATTCCGGGGCTTAACTCCGGGCGTGCAGGCGATACGGGCATAACTTGAGTGCTGTAGGGGAGACTGGAATTCCTG	d__Bacteria; p__Actinobacteriota; c__Actinobacteria; o__Corynebacteriales; f__Corynebacteriaceae; g__Corynebacterium
0.0087030261067333	0.0121264762309833	-0.0324742582173431	TACGTAGGGTGCGAGCGTTAATCGGAATTACTGGGCGTAAAGCGTGCGCAGGCGGTTTTGTAAGTCAGATGTGAAATCCCCGAGCTCAACTTGGGAACTGCGTTTGAAACTACAAGACTAGAATATGTCAGAGGGGGGTAGAATTCCACG	d__Bacteria; p__Proteobacteria; c__Gammaproteobacteria; o__Burkholderiales; f__Methylophilaceae; g__Methylotenera
0.0094808644525927	-0.0324726730897585	-0.0238626658957103	TACGTAGGGTGCAAGCGTTGTCCGGATTTACTGGGCGTAAAGAGCTCGTAGGTGGTGTGTCGCGTCGTCTGTGAAATTCCGGGGCTTAACTCCGGGCGTGCAGGCGATACGGGCACGACTAGAGTGCTGTAGGGGTAACTGGAATTCCTG	d__Bacteria; p__Actinobacteriota; c__Actinobacteria; o__Corynebacteriales; f__Corynebacteriaceae; g__Corynebacterium; s__Corynebacterium_durum
0.0030756452455849	-0.03246071688947	-0.0027618046764344	TACGTAGGGGGCTAGCGTTGTCCGGAATCACTGGGCGTAAAGGGTTCGCAGGCGGAAATGCAAGTCAGATGTAAAAGGCAGTAGCTTAACTACTGTAAGCATTTGAAACTGCATATCTTGAGAAGAGTAGAGGTAAGTGGAATTTTTAGT	d__Bacteria; p__Firmicutes; c__Clostridia; o__Peptostreptococcales-Tissierellales; f__Peptostreptococcales-Tissierellales; g__Peptoniphilus
0.0014324793826199	-0.0032885708064	0.0323846235297012	TACGTAGGTCCCGAGCGTTGTCCGGATTTATTGGGCGTAAAGCGAGCGCAGGCGGTTAGATAAGTCTGAAGTTAAAGGCTGTGGCTTAACCATAGTATGCTTTGGAAACTGTTTAACTTGAGTGCAGAAGGGGAGAGTGGAATTCCATGT	d__Bacteria; p__Firmicutes; c__Bacilli; o__Lactobacillales; f__Streptococcaceae; g__Streptococcus
0.0028638876954678	0.0111310378679747	0.0321746924651501	TACGGAGGGTGCAAGCGTTATCCGGACTTATTGGGTTTAAAGGGTCCGTAGGCGGGTTATTAAGTCAGTGGTGAAATCTCATAGCTCAACTATGAAACTGCCATTGATACTGATAGTCTTGAGTATATTTGAAGTAGCTGGAATAAGTAG	d__Bacteria; p__Bacteroidota; c__Bacteroidia; o__Flavobacteriales; f__Weeksellaceae; g__Bergeyella; s__uncultured_bacterium
0.0071177211986408	0.0319269368930774	-0.0173636334065482	TACAGAGGGTGCAAGCGTTAATCGGAATTACTGGGCGTAAAGCGAGCGTAGGTGGCTTGATAAGTCAGATGTGAAATCCCCGGGCTTAACCTGGGAACTGCATCTGATACTGTCAGGCTAGAGTAGGTGAGAGGAAGGTAGAATTCCAGG	d__Bacteria; p__Proteobacteria; c__Gammaproteobacteria; o__Pseudomonadales; f__Moraxellaceae; g__Psychrobacter
0.00255098581706	-0.0177156618768673	0.0316167910029071	TACGGAAGGTCCAGGCGTTATCCGGATTTATTGGGTTTAAAGGGAGCGTAGGCTGGAGATTAAGTGTGTTGTGAAATGTAGACGCTCAACGTCTGACTTGCAGCGCATACTGGTTTCCTTGAGTACGCACAACGTTGGCGGAATTCGTCG	d__Bacteria; p__Bacteroidota; c__Bacteroidia; o__Bacteroidales; f__Prevotellaceae; g__Prevotella
0.0027052917793843	-0.0032513026198625	0.0315510869453825	TACGTAGGGTGCGAGCGTTGTCCGGAATTACTGGGCGTAAAGAGCTCGTAGGTGGTCTGTCGCGTCATTTGTGAAAGCCCGGGGCTTAACTCCGGGTTGGCAGGTGATACGGGCATGACTGGAGTACTGTAGGGGAGACTGGAATTCCTG	d__Bacteria; p__Actinobacteriota; c__Actinobacteria; o__Corynebacteriales; f__Corynebacteriaceae; g__Corynebacterium; s__Corynebacterium_kroppenstedtii
0.0068816583723179	0.0313821460907682	0.006534631780451	TACGTAGGGTGCGAGCGTTAATCGGAATTACTGGGCGTAAAGCGGGCGCAGACGGTTACTTAAGCAAGATGTGAAATCCCCGAGCTTAACTTGGGAACTGCGTTTTGAACTGGGTAGCTAGAGTGTGTCAGAGGGGGGTAGAATTCCACG	d__Bacteria; p__Proteobacteria; c__Gammaproteobacteria; o__Burkholderiales; f__Neisseriaceae; g__Conchiformibius; s__Conchiformibius_kuhniae
0.0075680706035908	-0.0310080817069699	-0.0307490546036929	TACGTAGGTCCCGAGCGTTGTCCGGATTTATTGGGCGTAAAGCGAGCGCAGGTGGTTTATTAAGTCTGGTGTAAAAGGCAGTGGCTCAACCATTGTATGCATTGGAAACTGGTAGACTTGAGTGCAGGAGAGGAGAGTGGAATTCCATGT	d__Bacteria; p__Firmicutes; c__Bacilli; o__Lactobacillales; f__Streptococcaceae; g__Lactococcus
0.0135754703335279	-0.0247806469491023	-0.0309346222004958	TACAGAGGGTGCGAGCGTTAATCGGATTTACTGGGCGTAAAGCGTGCGTAGGCGGCTAATTGAGTCGGATGTGAAATCCCCGAGCTTAACTTGGGAATTGCATTCGATACTGGTTAGCTAGAGTGTGGGAGAGGATGGTAGAATTCCAGG	d__Bacteria; p__Proteobacteria; c__Gammaproteobacteria; o__Pseudomonadales; f__Moraxellaceae; g__Acinetobacter
0.0067964502438166	-0.0308136521068218	0.0073691228196818	TACGTAGGGTGCGAGCGTTGTCCGGAATTACTGGGCGTAAAGAGCTCGTAGGTGGTTTGTCGCGTCGTTTGTGGAATACCGCAGCTTAACTGCGGGGTTGCAGGCGATACGGGCATAACTTGAGTGCTGTAGGGGAGACTGGAATTCCTG	d__Bacteria; p__Actinobacteriota; c__Actinobacteria; o__Corynebacteriales; f__Corynebacteriaceae; g__Corynebacterium
-0.0017554044357657	-0.0307719642813398	0.0285747863810974	TACAGAGGGTGCGAGCGTTAATCGGATTTACTGGGCGTAAAGCGTGCGTAGGCGGCTTTTTAAGTCGGATGTGAAATCCCTGAGCTTAACTTAGGAATTGCATTCGATACTGGGAAGCTAGAGTATGGGAGAGGATGGTAGAATTCCAGG	d__Bacteria; p__Proteobacteria; c__Gammaproteobacteria; o__Pseudomonadales; f__Moraxellaceae; g__Acinetobacter
0.015147079940298	0.0298457046951898	0.0004058830088392	TACGGAGGGTGCGAGCGTTAATCGGAATGACTGGGCGTAAAGGGCACGCAGGCGGATTGTTAAGTGAGATGTGAAAGCCCCGGGCTTAACCTGGGAATTGCATTTCAGACTGGCAATCTAGAGTATTTTAGGGAGGGGTAGAATTCCACG	d__Bacteria; p__Proteobacteria; c__Gammaproteobacteria; o__Pasteurellales; f__Pasteurellaceae; g__Frederiksenia
0.0201053592107924	0.0295458225236929	0.0131532330759342	TACGTAGGGTGCAAGCGTTAATCGGAATTACTGGGCGTAAAGCGAGCGCAGACGGTTACTTAAGCAAGATGTGAAATCCCCGAGCTCAACTTGGGAACTGCGTTTTGAACTGGGTAGCTAGAGTGTGTCAGAGGGGGGTAGAATTCCACG	d__Bacteria; p__Proteobacteria; c__Gammaproteobacteria; o__Burkholderiales; f__Neisseriaceae; g__Simonsiella; s__Simonsiella_muelleri
-0.0015707657402311	-0.0120124423113314	-0.0287850276887431	TACGGAAGGTCCAGGCGTTATCCGGATTTATTGGGTTTAAAGGGAGCGTAGGCTGGATATTAAGTGTGTTGTGAAATGTAGACGCTCAACGTCTGACTTGCAGCGCATACTGGTTTCCTTGAGTACGCACAACGTTGGCGGAATTCGTCG	d__Bacteria; p__Bacteroidota; c__Bacteroidia; o__Bacteroidales; f__Prevotellaceae; g__Prevotella
-3.23509420122856e-05	-0.0271208469046604	0.0287624511149862	TACGTAGGGTGCGAGCGTTAATCGGAATTATTGGGCGTAAAGCGAGTGTAGACGGTTATTTAAGCCAGATGTGAAATACCCGAGCCTAACTTGGGAGGTGCATATGGAACTGGGTAGCTAGAGTGTGTCAGAGGGAGGTAGAACTCCACG	d__Bacteria; p__Proteobacteria; c__Gammaproteobacteria; o__Burkholderiales; f__Neisseriaceae; g__uncultured; s__uncultured_bacterium
0.0023138304863392	-0.0100184664370688	0.0286161250163675	TACGTAGGGTGCGAGCGTTAATCGGAATTACTGGGCGTAAAGCGAGCGCAGACGGTTACTTAAGCAGGATGTGAAATCCCCGGGCTCAACCTGGGAACTGCGTTCTGAACTGGGTAGCTAGAGTATGTCAGAGGGGGGTAGAATTCCACG	d__Bacteria; p__Proteobacteria; c__Gammaproteobacteria; o__Burkholderiales; f__Neisseriaceae
0.0047142665119792	0.0006293203298195	0.0284108357299684	TACGTAGGTCCCGAGCGTTGTCCGGATTTATTGGGCGTAAAGGGAGCGCAGGCGGTCAGGAAAGTCTGGAGTAAAAGGCTATGGCTCAACCATAGTGTGCTCTGGAAACTGTCTGACTTGAGTGCAGAAGGGGAGAGTGGAATTCCATGT	d__Bacteria; p__Firmicutes; c__Bacilli; o__Lactobacillales; f__Streptococcaceae; g__Streptococcus; s__Streptococcus_mutans
0.0019485344722804	-0.011449254306147	0.0282894709829372	TACGTAGGGTGCAAGCGTTGTCCGGAATTACTGGGCGTAAAGAGCTCGTAGGTGGTTTGTCACGTCGTCTGTGAAATTCCACAGCTTAACTGTGGGCGTGCAGGCGATACGGGCTGACTTGAGTACTGTAGGGGTAACTGGAATTCCTGG	d__Bacteria; p__Actinobacteriota; c__Actinobacteria; o__Corynebacteriales; f__Corynebacteriaceae; g__Corynebacterium
0.0110157572237385	0.0096650219581741	0.0281490774182032	TACGTAGGGTGCGAGCGTTATCCGGAATTATTGGGCGTAAAGAGCTCGTAGGCGGTTTGTCGCGTCTGTCGTGAAAGTCCGGGGCTTAACCCCGGATCTGCGGTGGGTACGGGCAGACTAGAGTGCGGTAGGGGAGACTGGAATTCCTGG	d__Bacteria; p__Actinobacteriota; c__Actinobacteria; o__Micrococcales; f__Micrococcaceae; g__Micrococcus
0.0072109951700149	-0.0142238459202515	0.0281447080977777	TACGTAGGGGGCTAGCGTTGTCCGGAATCACTGGGCGTAAAGGGTTCGCAGGCGGAAATGCAAGTCAGGTGTAAAAGGCAGTAGCTTAACTACTGTAAGCATTTGAAACTGCATATCTTGAGAAGAGTAGAGGTAAGTGGAATTTTTAGT	d__Bacteria; p__Firmicutes; c__Clostridia; o__Peptostreptococcales-Tissierellales; f__Peptostreptococcales-Tissierellales; g__Peptoniphilus
0.0058593249349591	0.0120115062246851	-0.0281306382272814	TACGGAGGATGCGAGCGTTATTCGGAATCATTGGGTTTAAAGGGTCTGTAGGCGGGCTATTAAGTCAGGGGTGAAAGGTTTCAGCTTAACTGAGAAATTGCCTTTGATACTGGTAGTCTTGAATATCTGTGAAGTTCTTGGAATGTGTAG	d__Bacteria; p__Bacteroidota; c__Bacteroidia; o__Flavobacteriales; f__Flavobacteriaceae; g__Capnocytophaga
0.0162664805254291	-0.0033777803333552	-0.0280181484819314	TACGTAGGGCGCAAGCGTTATCCGGAATTATTGGGCGTAAAGAGCTCGTAGGCGGTTTGTCGCGTCTGCTGTGAAAGCCCGGGGCTTAACTCCGGGTGTGCAGTGGGTACGGGCAGGCTAGAGTGCAGTAGGGGAGACTGGAATTCCTGG	d__Bacteria; p__Actinobacteriota; c__Actinobacteria; o__Micrococcales; f__Micrococcaceae
0.0037793195101294	-0.0107307773335255	0.0279237586520478	TACGGAGGGTGCAAGCGTTAATCGGAATTACTGGGCGTAAAGCGCACGCAGGCGGTTGGATAAGTTAGATGTGAAAGCCCCGGGCTCAACCTGGGAATTGCATTTAAAACTGTCCAGCTAGAGTCTTGTAGAGGGGGGTAGAATTCCAGG	d__Bacteria; p__Proteobacteria; c__Gammaproteobacteria; o__Aeromonadales; f__Aeromonadaceae; g__Aeromonas
0.0002625550205658	0.0057550037416455	0.0275700081408824	TACGTAGGGTGCGAGCGTTATCCGGAATTATTGGGCGTAAAGAGCTCGTAGGCGGTTTGTCGCGTCTGCCGTGAAAGTCCGGGGCTTAACTCCGGATCTGCGGTGGGTACGGGCAGACTAGAGTGCAGTAGGGGAGACTGGAATTCCTGG	d__Bacteria; p__Actinobacteriota; c__Actinobacteria; o__Micrococcales; f__Micrococcaceae
0.0004519326733623	-0.0142428975312471	-0.0273349977044042	TACAGAGGGTGCAAGCGTTAATCGGAATTACTGGGCGTAAAGCGCGCGTAGGTGGTTCGTTAAGTTGGATGTGAAATCCCCGGGCTCAACCTGGGAACTGCATTCAAAACTGACGAGCTAGAGTATGGTAGAGGGTGGTGGAATTTCCTG	d__Bacteria; p__Proteobacteria; c__Gammaproteobacteria; o__Pseudomonadales; f__Pseudomonadaceae; g__Pseudomonas
0.004528296010146	0.0117792823062467	0.0266482255282099	TACGTAGGGGGCAAGCGTTATCCGGATTTACTGGGTGTAAAGGGAGCGTAGACGGTGTGGCAAGTCTGATGTGAAAGGCATGGGCTCAACCTGTGGACTGCATTGGAAACTGTCATACTTGAGTGCCGGAGGGGTAAGCGGAATTCCTAG	d__Bacteria; p__Firmicutes; c__Clostridia; o__Lachnospirales; f__Lachnospiraceae; g__Blautia
0.0050107661885299	-0.0266453812980226	0.0215158665487009	TACGTAGGGTGCGAGCGTTGTCCGGAATTACTGGGCGTAAAGAGCTCGTAGGTGGTTTGTCGCGTCGTCTGTGAAATCCCGGGGCTTAACTTCGGGCGTGCAGGCGATACGGGCATAACTAGAGTGCTGTAGGGGAGACTGGAATTCCTG	d__Bacteria; p__Actinobacteriota; c__Actinobacteria; o__Corynebacteriales; f__Corynebacteriaceae; g__Corynebacterium
0.0039371474315932	0.026296843698028	-0.0158363510590006	TACGAAGGGTGCAAGCGTTACTCGGAATTACTGGGCGTAAAGCGTGCGTAGGTGGTTGTTTAAGTCTGTTGTGAAAGCCCTGGGCTCAACCTGGGAATTGCAGTGGATACTGGGCGACTAGAGTGTGGTAGAGGGTAGTGGAATTCCCGG	d__Bacteria; p__Proteobacteria; c__Gammaproteobacteria; o__Xanthomonadales; f__Xanthomonadaceae; g__Stenotrophomonas
0.0082902449447868	-0.0261305983986389	-0.0201541231189759	TACGTAGGTGGCAAGCGTTGTCCGGATTTATTGGGCGTAAAGCGAGCGCAGGCGGTTCCTTAAGTCTGATGTGAAAGCCCCCGGCTCAACCGGGGAGGGTCATTGGAAACTGGGGAACTTGAGTGCAGAAGAGGAGAGTGGAATTCCATG	d__Bacteria; p__Firmicutes; c__Bacilli; o__Lactobacillales
0.0082838585066329	0.0260358554878661	-0.0233215642746402	TACGTAGGGTGCGAGCGTTGTCCGGAATTACTGGGCGTAAAGAGCTCGTAGGTGGTTTGTCGCGTCGTCTGTGAAATCCCGAGGCTTAACTTCGGGCGTGCAGGCGATACGGGCAAGCTGGAGTGCTGTAGGGGAGACTGGAATTCCTGG	d__Bacteria; p__Actinobacteriota; c__Actinobacteria; o__Corynebacteriales; f__Corynebacteriaceae; g__Corynebacterium
0.0054256239306799	0.017494553445515	0.0257005699040405	TACGGAGGGAGCTAGCGTTGTTCGGAATTACTGGGCGTAAAGCGCGCGTAGGCGGTCTTTTAAGTCAGAGGTGAAAGCCCGGGGCTCAACCCCGGAATAGCCTTTGAAACTGGAAGACTTGAATCTTGGAGAGGTCAGTGGAATTCCGAG	d__Bacteria; p__Proteobacteria; c__Alphaproteobacteria; o__Sphingomonadales; f__Sphingomonadaceae; g__Sphingopyxis
0.0146720259886711	-0.0256821470763221	-0.0057381155250187	TACGTAGGGTACAAGCGTTGTCCGGAATTATTGGGCGTAAAGAGCTCGTAGGTGGTCTGTCACGTCTGCTGTGGAAACGCAAGGCTCAACCTTGCGCGTGCAGTGGGTACGGGCGGACTAGAGTGCAGTAGGGGAGTCTGGAATTCCTGG	d__Bacteria; p__Actinobacteriota; c__Actinobacteria; o__Micrococcales; f__Brevibacteriaceae; g__Brevibacterium; s__Brevibacterium_pityocampae
-0.0022496992618918	-0.0247106046997567	-0.0226656297470797	TACGTAGGTGGCAAGCGTTGTCCGGAATTATTGGGCGTAAAGCGCGCGCAGGCGGATCAGTCAGTCTGTCTTAAAAGTTCGGGGCTTAACCCCGTGATGGGATGGAAACTGCTGATCTAGAGTATCGGAGAGGAAAGTGGAATTCCTAGT	d__Bacteria; p__Firmicutes; c__Negativicutes; o__Veillonellales-Selenomonadales; f__Veillonellaceae; g__Veillonella
0.0003211636458858	-0.0233963047910077	0.0246978567423322	TACGTAGGGCGCGAGCGTTGTCCGGAATTATTGGGCGTAAAGAGCTTGTAGGCGGTTGGTCGCGTCTGCTGTGAAAGGCTGGGGCTTAACCCTGGTTTTGCAGTGGGTACGGGCTAACTAGAGTGCAGTAGGGGAGACTGGAATTCCTGG	d__Bacteria; p__Actinobacteriota; c__Actinobacteria; o__Micrococcales; f__Micrococcaceae; g__Rothia
0.0099529518659137	-0.0035862805726666	-0.0246891958683813	TACGGAGGGTGCGAGCGTTAATCGGAATTACTGGGCGTAAAGCGCATGCAGGTGGTTTGTTAAGTCAGATGTGAAAGCCCGGGGCTCAACCTCGGAAGGTCATTTGAAACTGGCAAACTAGAGTACTGTAGAGGGGGGTAGAATTTCAGG	d__Bacteria; p__Proteobacteria; c__Gammaproteobacteria; o__Vibrionales; f__Vibrionaceae; g__Vibrio
0.0048717032228094	-0.0087003860538477	-0.0242312057999192	TACGTAAGGTCCGAGCGTTGTCCGGAATCATTGGGCGTAAAGGGTACGTAGGCGGATAAGCAAGTTAGAAGTTAAATCCTATAGCTCAACTATAGCAAGCTTTTAAAACTGCTCATCTTGAGGTATGGAAGGGAAAGTGGAATTCCTAGT	d__Bacteria; p__Firmicutes; c__Clostridia; o__Peptostreptococcales-Tissierellales; f__Peptostreptococcales-Tissierellales; g__Anaerococcus
0.0015775240596642	0.0049661912006605	0.024165663356273	TACGTAGGTCCCGAGCGTTATCCGGATTTATTGGGCGTAAAGCGAGCGCAGGCGGTTAGATAAGTCTGAAGTTAAAGGCTGTGGCTTAACCATAGTACGCTTTGGAAACTGTTTAACTTGAGTGCAGAAGGGGAGAGTGGAATTCCATGT	d__Bacteria; p__Firmicutes; c__Bacilli; o__Lactobacillales; f__Streptococcaceae; g__Streptococcus
0.0029327003949719	0.0241644774127879	0.0070853195951328	TACGTATGTTCCAAGCGTTATCCGGATTTATTGGGCGTAAAGCGAGCGCAGACGGTTATTTAAGTCCGAAGTGAAAGCCCACAGCTTAACTGTGGAAGTGCTTTGGAAACTGGATAACTTGAGTGCAGTAGAGGAGAGTGGAACTCCATG	d__Bacteria; p__Firmicutes; c__Bacilli; o__Lactobacillales; f__Leuconostocaceae; g__Weissella; s__Weissella_viridescens
0.0105446167714135	-0.0138070195313382	-0.0235636779548399	TACGTAAGGACCGAGCGTTGTCCGGAATCATTGGGCGTAAAGGGTACGTAGGCGGTTAGAAAAGTTAGAAGTGAAAGGCTATAGCTCAACTATAGTAAGCTTTTAAAACTGTTTAACTTGAGAGATGGAAGGGAAAGTGGAATTCCTAGT	d__Bacteria; p__Firmicutes; c__Clostridia; o__Peptostreptococcales-Tissierellales; f__Peptostreptococcales-Tissierellales; g__Anaerococcus; s__Anaerococcus_provencensis
0.0007706782921172	-0.0032731936977815	0.0230521102851123	TACGTAGGTGGCGAGCGTTGTCCGGATTTATTGGGCGTAAAGGGAGTGTAGGCGGTCTTTTAAGTCTGATGTGAAAGCCCACGGCTCAACCGTGGAGGGTCATTGGAAACTGGGAGACTTGAGTGCAGAAGAGGAGAGCGGAATTCCATG	d__Bacteria; p__Firmicutes; c__Bacilli; o__Lactobacillales; f__Aerococcaceae; g__Abiotrophia
0.0065792417670736	0.008186984897082	0.0228803597308662	TACGAAGGGTGCAAGCGTTAATCGGAATTACTGGGCGTAAAGCGCGCGTAGGTGGCTTGATAAGTTGGATGTGAAATCCCCGGGCTCAACCTGGGAACTGCATCCAAAACTGTCTGGCTAGAGTGCGGTAGAGGGTAGTGGAATTTCCAG	d__Bacteria; p__Proteobacteria; c__Gammaproteobacteria; o__Pseudomonadales; f__Pseudomonadaceae; g__Pseudomonas
0.0005027214111522	-0.0206783721601763	-0.0222204076264206	TACGTAGGGTGCGAGCGTTGTCCGGAATTATTGGGCGTAAAGAGCTTGTAGGCGGTTTGTCGCGTCTGCTGTGAAAATCCGGGGCTCAACCCCGGACTTGCAGTGGGTACGGGCAGACTAGAGTGTGGTAGGGGAGACTGGAATTCCTGG	d__Bacteria; p__Actinobacteriota; c__Actinobacteria; o__Micrococcales; f__Intrasporangiaceae
0.0016170445589663	-0.0030580473843979	0.0221121201356682	TACGGAGGGGGCTAGCGTTGTTCGGAATTACTGGGCGTAAAGCGCACGTAGGCGGACTGGAAAGTTGGGGGTGAAATCCCGGGGCTCAACCTCGGAACTGCCTTCAAAACTATCAGTCTGGAGTTCGAGAGAGGTGAGTGGAATTCCGAG	d__Bacteria; p__Proteobacteria; c__Alphaproteobacteria; o__Rhodobacterales; f__Rhodobacteraceae; g__Paracoccus
0.0021548246552885	0.0113436765693831	0.0220405141951738	TACGAAGGGTGCAAGCGTTACTCGGAATTACTGGGCGTAAAGCGTGCGTAGGTGGTTCGTTAAGTCTGATGTGAAAGCCCTGGGCTCAACCTGGGAACTGCATTGGATACTGGCGATCTGGAGTGCGGTAGAGGGTAGCGGAATTCCCGG	d__Bacteria; p__Proteobacteria; c__Gammaproteobacteria; o__Xanthomonadales; f__Xanthomonadaceae; g__Lysobacter
0.0037467469159916	0.0219333318686148	-0.0191464594367047	AACGTAGGTCACAAGCGTTGTCCGGAATTACTGGGTGTAAAGGGAGCGCAGGCGGGAAGACAAGTTGGAAGTGAAATCTATGGGCTCAACCCATAAACTGCTTTCAAAACTGTTTTTCTTGAGTAGTGCAGAGGTAGGCGGAATTCCCGG	d__Bacteria; p__Firmicutes; c__Clostridia; o__Oscillospirales; f__Ruminococcaceae; g__Faecalibacterium
0.0086514278446776	0.0207797293325045	0.0218246434945045	TACGTAGGGGGCAAGCGTTATCCGGATTCATTGGGCGTAAAGCGCGCGTAGGCGGTCTGTTAGGTCAGGAGTTAAATCTGGGGGCTCAACCCCTATCCGCTCCTGATACCGGCAGGCTTGAGTCTGGTAGGGGAAGATGGAATTCCAAGT	d__Bacteria; p__Actinobacteriota; c__Coriobacteriia; o__Coriobacteriales; f__Atopobiaceae; g__Atopobium
0.007935258568084	0.0216559023978145	-0.0055390822905663	TACGAAGGGGGCTAGCGTTGCTCGGAATCACTGGGCGTAAAGCGCACGTAGGCGGACTCTTAAGTCGGTGGTGAAATCCTGGAGCTCAACTCCAGAACTGCCTTCGATACTGGGAGTCTCGAGTTCGGGAGAGGTGAGTGGAACTGCGAG	d__Bacteria; p__Proteobacteria; c__Alphaproteobacteria; o__Rhizobiales; f__Xanthobacteraceae; g__uncultured
0.0052435879133737	0.0177106275908873	0.021581367502551	TACGGAGGGGGCTAGCGTTGTTCGGAATTACTGGGCGTAAAGCGCACGTAGGCGGACCGGAAAGTTGGGGGTGAAATCCCGGGGCTCAACCTCGGAACTGCCTTCAAAACTACTGGTCTTGAGTTCGAGAGAGGTGAGTGGAATTCCGAG	d__Bacteria; p__Proteobacteria; c__Alphaproteobacteria; o__Rhodobacterales; f__Rhodobacteraceae; g__Paracoccus
0.0023108319940542	-0.0215102608227516	0.020085004050702	TACGTAGGGTGCGAGCGTTGTCCGGAATTACTGGGCGTAAAGAGCTCGTAGGTGGTTTGTCGCGTCGTTTGTGTAAGTCCACGGCTTAACTGTGGGATGGCAGGCGATACGGGCATAACTTGAGTGCTGTAGGGGAGACTGGAATTCCTG	d__Bacteria; p__Actinobacteriota; c__Actinobacteria; o__Corynebacteriales; f__Corynebacteriaceae; g__Corynebacterium; s__Corynebacterium_lipophiloflavum
0.0081288988979179	-0.0213884566301727	-0.0208357432555823	TACGTATGTCACAAGCGTTATCCGGATTTATTGGGCGTAAAGCGCGTCTAGGTGGTTATGTAAGTCTGATGTGAAAATGCAGGGCTCAACTCTGTATTGCGTTGGAAACTGTGTAACTAGAGTACTGGAGAGGTAAGCGGAACTACAAGT	d__Bacteria; p__Fusobacteriota; c__Fusobacteriia; o__Fusobacteriales; f__Fusobacteriaceae; g__Fusobacterium
0.0010617960309718	-0.00587832804563	0.0209909205730717	TACAGAGGGTGCAAGCGTTAATCGGAATTACTGGGCGTAAAGCGAGCGTAGGTGGTCATTTAAGTCAGATGTGAAATCCCCGGGCTTAACCTGGGAACCGCATCTGATACTGGGTGACTAGAGTAGGTGAGAGGGAAGTAGAATTCCAGG	d__Bacteria; p__Proteobacteria; c__Gammaproteobacteria; o__Pseudomonadales; f__Moraxellaceae; g__Moraxella
0.0054832549890734	-0.0160197439516255	0.0206421328603875	TACGTAGGTGGCAAGCGTTGTCCGGAATTATTGGGCGTAAAGCGCGCGCAGGCGGATTGGTCAGTCTGTCTTAAAAGTTCGGGGCTTAACCCCGTGATGGGATGGAAACTGCCAATCTAGAGTATCGGAGAGGAAAGTGGAATTCCTAGT	d__Bacteria; p__Firmicutes; c__Negativicutes; o__Veillonellales-Selenomonadales; f__Veillonellaceae; g__Veillonella
0.0063821651283271	-0.0168828134853067	0.0205202366804108	TACGGAAGGTCCAGGCGTTATCCGGATTTATTGGGTTTAAAGGGAGCGTAGGCTGGAGATTAAGTGTGTTGTGAAATGTAGACGCTCAACGTCTGAATTGCAGCGCATACTGGTTTCCTTGAGTACGCACAACGTTGGCGGAATTCGTCG	d__Bacteria; p__Bacteroidota; c__Bacteroidia; o__Bacteroidales; f__Prevotellaceae; g__Prevotella; s__Prevotella_melaninogenica
0.0017767591942385	0.0108471032306288	0.0204789738117973	TACGAAGGGGGCTAGCGTTGTTCGGAATTACTGGGCGTAAAGCGCACGTAGGCGGATATTTAAGTCAGGGGTGAAATCCCAGAGCTCAACTCTGGAACTGCCTTTGATACTGGGTATCTTGAGTATGGAAGAGGTAAGTGGAATTCCGAG	d__Bacteria; p__Proteobacteria; c__Alphaproteobacteria; o__Rhizobiales; f__Rhizobiaceae; g__Allorhizobium-Neorhizobium-Pararhizobium-Rhizobium
0.0024835672591092	0.0072844995028122	-0.020327945922373	TACGTAGGGCGCGAGCGTTGTCCGGAATTATTGGGCGTAAAGAGCTTGTAGGCGGTTTGTCGCGTCTGCTGTGAAAGGCCGGGGCTTAACCCCGTGTATTGCAGTGGGTACGGGCAGACTAGAGTGCAGTAGGGGAGACTGGAATTCCTG	d__Bacteria; p__Actinobacteriota; c__Actinobacteria; o__Micrococcales; f__Micrococcaceae; g__Rothia
0.004140962679075	0.0203214070963258	0.0030869564676473	TACGTAGGTGGCAAGCGTTATCCGGAATTATTGGGCGTAAAGCGCGCGTAGGCGGTTTCTTAAGTCTGATGTGAAAGCCCACGGCTCAACCGTGGAGGGTCATTGGAAACTGGGAAACTTGAGTACAGAAGAGGAAAGTGGAATTCCATG	d__Bacteria; p__Firmicutes; c__Bacilli; o__Staphylococcales; f__Staphylococcaceae; g__Staphylococcus
0.01257018187688	0.0202956896245902	-0.0110369651983312	TACGTAGGGTCCGAGCGTTGTCCGGAATTATTGGGCGTAAAGGGCTCGTAGGCGGTTTGTCGCGTCGGGAGTGAAAACGCCGGGCTTAACTCGGTGCTTGCTTTCGATACGGGCAGACTAGAGGTATTCAGGGGAGAACGGAATTCCTGG	d__Bacteria; p__Actinobacteriota; c__Actinobacteria; o__Propionibacteriales; f__Nocardioidaceae; g__Nocardioides
0.0056103931580134	0.0124939750473056	0.0200442393022982	TACGAAGGGTGCAAGCGTTAATCGGAATTACTGGGCGTAAAGCGCGCGTAGGTGGTTCGTTAAGTTGGATGTGAAAGCCCCGGGCTCAACCTGGGAACTGCATCCAAAACTGGCGAGCTAGAGTACGGTAGAGGGTGGTGGAATTTCCTG	d__Bacteria; p__Proteobacteria; c__Gammaproteobacteria; o__Pseudomonadales; f__Pseudomonadaceae; g__Pseudomonas
0.0065068175354395	0.0198406172074161	0.0013222340151025	TACGTAGGGTGCGAGCGTTAATCGGAATTATTGGGCGTAAAGCGAGTGCAGACGGTTGTTTAAGCCAGATGTGAAATCCCCGAGCTTAACTTGGGACGTGCATTTGGAACTGGGTGACTAGAGTGTGTCAGAGGGAGGTAGAATTCCACA	d__Bacteria; p__Proteobacteria; c__Gammaproteobacteria; o__Burkholderiales; f__Neisseriaceae; g__uncultured; s__uncultured_bacterium
0.0023534691644942	0.0124459242426005	0.0198375678918658	TACGTAGGTCCCGAGCGTTGTCCGGATTTATTGGGCGTAAAGGGAGCGCAGGCGGTTTAGTAAGTCTGAAGTTAAAGGCATTGGCTCAACCAATGTATGCTTTGGAAACTGTTAGACTTGAGTGCAGAAGGGGAGAGTGGAATTCCATGT	d__Bacteria; p__Firmicutes; c__Bacilli; o__Lactobacillales; f__Streptococcaceae; g__Streptococcus; s__Streptococcus_sobrinus
0.0194294153385729	-0.0022549195731324	0.0179947003873245	TACGTATGTCACGAGCGTTATCCGGATTTATTGGGCGTAAAGCGCGTCTAGGTGGTTATATAAGTCTGATGTGAAAATGCAGGGCTCAACTCTGTATTGCGTTGGAAACTGTATAACTAGAGTACTGGAGAGGTAAGCGGAACTACAAGT	d__Bacteria; p__Fusobacteriota; c__Fusobacteriia; o__Fusobacteriales; f__Fusobacteriaceae; g__Fusobacterium
0.0048693469370424	-0.0188036207080506	0.0013182731460438	TACGTAGGGCGCAAGCGTTGTCCGGAATTATTGGGCGTAAAGAGCTCGTAGGCGGTTTGTCGCGTCTGCTGTGAAAGCCCGGGGCTTAACCCCGGGTGTGCAGTGGGTACGGGCAGACTTGAGTGCAGTAGGGGAGACTGGAATTCCTGG	d__Bacteria; p__Actinobacteriota; c__Actinobacteria; o__Micrococcales; f__Micrococcaceae; g__Kocuria
0.0086135431552516	0.0180303879905824	0.0083060801101127	TACGGAGGGTGCGAGCGTTAATCGGAATAACTGGGCGTAAAGGGCACGCAGGCGGACTTTTAAGTGAGGTGTGAAATCCCCGGGCTTAACCTGGGAATTGCATTTCAGACTGGGGGTCTAGAGTACTTTAGGGAGGGGTAGAATTCCACG	d__Bacteria; p__Proteobacteria; c__Gammaproteobacteria; o__Pasteurellales; f__Pasteurellaceae
0.0179550754238647	-0.003984366956384	-0.001184295941509	TACGGAAGGTCCAGGCGTTATCCGGATTTATTGGGTTTAAAGGGAGTGTAGGCGGTTTGTTAAGCGTGTTGTGAAATTTAGGTGCTCAACATTTAACTTGCAGCGCGAACTGTCAGACTTGAGTACACGCAACGTATGCGGAATTCATGG	d__Bacteria; p__Bacteroidota; c__Bacteroidia; o__Bacteroidales; f__Prevotellaceae; g__Prevotella; s__Prevotella_pallens
-0.0025106221859519	-0.0177923420624452	-0.007755288363431	TACGTAGGTGGCAAGCGTTGTCCGGAATTATTGGGCGTAAAGCGCGCGCAGGCGGTCTCTTAAGTCTGATGTGAAAGCCCCCGGCTCAACCGGGGAGGGTCATTGGAAACTGGGAGACTTGAGGACAGAAGAGGAGAGTGGAATTCCAAG	d__Bacteria; p__Firmicutes; c__Bacilli; o__Lactobacillales; f__Listeriaceae; g__Brochothrix
0.0003304973171233	-0.015331353533391	0.0177466504922526	TACGAAGGGTGCAAGCGTTACTCGGAATTACTGGGCGTAAAGCGTGCGTAGGTGGTGGTTTAAGTCTGTTGTGAAAGCCCTGGGCTCAACCTGGGAATTGCAGTGGATACTGGGTCACTAGAGTGTGGTAGAGGGTAGCGGAATTCCCGG	d__Bacteria; p__Proteobacteria; c__Gammaproteobacteria; o__Xanthomonadales; f__Xanthomonadaceae; g__Xanthomonas
0.0082285652641789	0.0176321685606832	-0.0021586283587483	TACGTAGGGTGCAAGCGTTATCCGGAATTATTGGGCGTAAAGGGCTCGTAGGCGGTTCGTCGCGTCCGGTGTGAAAGTCCATCGCTTAACGGTGGATCCGCGCCGGGTACGGGCGGGCTTGAGTGCGGTAGGGGAGACTGGAATTCCCGG	d__Bacteria; p__Actinobacteriota; c__Actinobacteria; o__Bifidobacteriales; f__Bifidobacteriaceae; g__Bifidobacterium
-0.0018815848209123	-0.003018516038002	0.017338836659326	TACGTATGTCACAAGCGTTATCCGGATTTATTGGGCGTAAAGCGCGTCTAGGTGGTTATATAAGTCTGATGTGAAAATGCAGGGCTCAACTCTGTATTGCGTTGGAAACTGTGTAACTAGAGTACTGGAGAGGTAAGCGGAACTACAAGT	d__Bacteria; p__Fusobacteriota; c__Fusobacteriia; o__Fusobacteriales; f__Fusobacteriaceae; g__Fusobacterium
-0.0029687655890748	-0.0171091349707812	-0.0072052624113722	TACGAAGGGTGCAAGCGTTAATCGGAATTACTGGGCGTAAAGCGCGCGTAGGTGGTTCGTTAAGTTGGATGTGAAAGCCCCGGGCTCAACCTGGGAACTGCATCCAAAACTGGCGAGCTAGAGTATGGCAGAGGGTGGTGGAATTTCCTG	d__Bacteria; p__Proteobacteria; c__Gammaproteobacteria; o__Pseudomonadales; f__Pseudomonadaceae; g__Pseudomonas
0.002566825736769	0.0047235735975456	0.0170432037237572	TACGGAAGGTTCGGGCGTTATCCGGATTTATTGGGTTTAAAGGGAGCGTAGGCCGTTTGGTAAGCGTGTTGTGAAATGTAGGAGCTCAACTTCTAGATTGCAGCGCGAACTGTCAGACTTGAGTGCGCACAACGTAGGCGGAATTCATGG	d__Bacteria; p__Bacteroidota; c__Bacteroidia; o__Bacteroidales; f__Prevotellaceae; g__Prevotella; s__Prevotella_bivia
0.0089675303494853	-0.0110870733660991	0.0170332992451902	TACGTAAGGTCCGAGCGTTGTCCGGAATCATTGGGCGTAAAGGGTACGTAGGCGGATAAGCAAGTTAGAAGTGAAATCCTATAGCTCAACTATAGTAAGCTTTTAAAACTGCTCATCTTGAGGTATGGAAGGGAAAGTGGAATTCCTAGT	d__Bacteria; p__Firmicutes; c__Clostridia; o__Peptostreptococcales-Tissierellales; f__Peptostreptococcales-Tissierellales; g__Anaerococcus
0.0039840381813771	0.0162587360926535	0.0068667711832249	TACGAAGGGTGCAAGCGTTACTCGGAATTACTGGGCGTAAAGCGTGCGTAGGTGGTTTGTTAAGTCTGATGTGAAAGCCCTGGGCTCAACCTGGGAATTGCATTGGATACTGGCAGGCTAGAGTGCGGTAGAGGATGGCGGAATTCCTGG	d__Bacteria; p__Proteobacteria; c__Gammaproteobacteria; o__Xanthomonadales; f__Xanthomonadaceae; g__Luteimonas
0.0033266656811016	-0.0159397758327482	-0.00335753280524	TACAGAGGGTGCAAGCGTTAATCGGAATTACTGGGCGTAAAGCGCGCGTAGGTGGTTTGTTAAGTTGGATGTGAAATCCCCGGGCTCAACCTGGGAACTGCATTCAAAACTGACTGACTAGAGTATGGTAGAGGGTGGTGGAATTTCCTG	d__Bacteria; p__Proteobacteria; c__Gammaproteobacteria; o__Pseudomonadales; f__Pseudomonadaceae; g__Pseudomonas
-0.0020295938006187	-0.0125070903352865	-0.0152931055022633	TACGGAAGGTCCAGGCGTTATCCGGATTTATTGGGTTTAAAGGGTGCGTAGGCCGTTTGATAAGCGTGCTGTGAAATATAGTGGCTCAACCTCTATCGTGCAGCGCGAACTGTCGAACTTGAGTGCGTAGTAGGTAGGCGGAATTCGTGG	d__Bacteria; p__Bacteroidota; c__Bacteroidia; o__Bacteroidales; f__Prevotellaceae; g__Prevotella; s__Prevotella_nanceiensis
0.0045087610367977	-0.0006889162155698	0.0145805437596834	TACGGAGGATGCGAGCGTTATCCGGATTTATTGGGTTTAAAGGGTGCGTAGGCGGCCTGTTAAGTCAGCGGTGAAATCTAGGAGCTTAACTCCTAAATTGCCATTGATACTGGCGGGCTTGAGTGTAGATGAGGGAGGCGGAATGCGTGG	d__Bacteria; p__Bacteroidota; c__Bacteroidia; o__Bacteroidales; f__Porphyromonadaceae; g__Porphyromonas; s__Porphyromonas_pasteri
0.0045835254664467	0.0080456430293629	0.0144955371492766	TACGGAGGGTGCAAGCGTTATCCGGATTTATTGGGTTTAAAGGGTCCGTAGGCGGATTAATCAGTCAGTGGTGAAATCTCATAGCTTAACTATGAAACTGCCATTGATACTGTTAGTCTTGAGTGATGTTGAAGTTGCTGGAATGTGTAG	d__Bacteria; p__Bacteroidota; c__Bacteroidia; o__Flavobacteriales; f__Weeksellaceae; g__Empedobacter
0.0043915267409112	0.0092508546008559	0.0139657175259593	TACGTAGGGTCCGAGCGTTGTCCGGAATTATTGGGCGTAAAGGGCTCGTAGGCGGTTTGTCGCGTCGGGAGTGAAAACACCGGGCTTAACTCGGTGCTTGCTTTCGATACGGGCAGACTAGAGGTATTCAGGGGAGAACGGAATTCCTGG	d__Bacteria; p__Actinobacteriota; c__Actinobacteria; o__Propionibacteriales; f__Nocardioidaceae; g__Nocardioides
0.0044252035015855	0.0085229591646852	0.0133347513034917	TACGTAGGGTACTAGCGTTGTCCGGAATTATTGGGCGTAAAGAGCTCGTAGGTGGTTTGTCGCGTCTGCTGTGGAAACGTGCCGCTTAACGGTGCGCGTGCAGTGGGTACGGGCGGACTAGAGTGCAGTAGGGGAGTCTGGAATTCCTGG	d__Bacteria; p__Actinobacteriota; c__Actinobacteria; o__Micrococcales; f__Brevibacteriaceae; g__Brevibacterium
0.0087341614688927	-0.0130320523367349	-0.0116922855562251	TACGTAGGGTGCGAGCGTTAATCGGAATTACTGGGCGTAAAGCGGGCGCAGACGGTTACTTAAGCAGGATGTGAAATCCCCGGGCTCAACCTGGGAATTGCGTTCTGAACTGGGTAGCTAGAGTGTGTCAGAGGGGGGTAGAATTCCACG	d__Bacteria; p__Proteobacteria; c__Gammaproteobacteria; o__Burkholderiales; f__Neisseriaceae; g__Neisseria
0.0038480853382715	-0.0128722728760772	0.0111319880290607	TACGTAGGTGGCAAGCGTTGTCCGGATTTATTGGGCGTAAAGGGAGCGCAGGTGGTTTCTTAAGTCTGATGTGAAAGCCCACGGCTTAACCGTGGAGGGTCATTGGAAACTGGGAAACTTGAGTACAGAAGAGGAATGTGGAACTCCATG	d__Bacteria; p__Firmicutes; c__Bacilli; o__Lactobacillales; f__Aerococcaceae; g__Aerococcus
0.0031854559818077	-0.0125956758129047	-0.0019178332182457	TACGAAGGGGGCTAGCGTTGTTCGGAATTACTGGGCGTAAAGCGCACGTAGGCGGATATTTAAGTCAGGGGTGAAATCCCGCAGCTCAACTGCGGAACTGCCTTTGATACTGGGTATCTTGAGTATGGAAGAGGTAAGTGGAATTCCGAG	d__Bacteria; p__Proteobacteria; c__Alphaproteobacteria; o__Rhizobiales; f__Rhizobiaceae; g__Allorhizobium-Neorhizobium-Pararhizobium-Rhizobium
0.0019258329312073	-0.0110866416431013	0.012106175300418	TACGAAGGGTGCAAGCGTTACTCGGAATTACTGGGCGTAAAGCGTGCGTAGGTGGTCGTTTAAGTCCGTTGTGAAAGCCCTGGGCTCAACCTGGGAACTGCAGTGGATACTGGGCGACTAGAGTGTGGTAGAGGGTAGCGGAATTCCTGG	d__Bacteria; p__Proteobacteria; c__Gammaproteobacteria; o__Xanthomonadales; f__Xanthomonadaceae; g__Stenotrophomonas
0.0065202373550873	-0.0120213428561108	0.0002423678942029	TACGTATGTCCCGAGCGTTATCCGGATTTATTGGGCGTAAAGCGAGCGCAGACGGTTGGTTAAGTCTGATGTGAAAGCCCGGAGCTCAACTCCGGAAAGGCATTGGAAACTGGTTAACTTGAGTGCAGTAGAGGTAAGTGGAACTCCATG	d__Bacteria; p__Firmicutes; c__Bacilli; o__Lactobacillales; f__Leuconostocaceae; g__Leuconostoc
-0.0002510605673734	-0.0118795468180627	-9.265324436791084e-05	TACGTAAGGACCGAGCGTTGTCCGGAATCATTGGGCGTAAAGGGTACGTAGGCGGGTCATTAAGTTAGAAGTCAAAGGCTATAGCTCAACTATAGTAAGCTTCTAAAACTGGAGACCTTGAGTAATGGAAGGGAAAGTGGAATTCCTAGT	d__Bacteria; p__Firmicutes; c__Clostridia; o__Peptostreptococcales-Tissierellales; f__Peptostreptococcales-Tissierellales; g__Anaerococcus; s__Anaerococcus_octavius
0.0049668097534006	0.002767164440291	0.0115057637421897	TACGGAAGGTCCAGGCGTTATCCGGATTTATTGGGTTTAAAGGGAGCGTAGGCGGATTGTTAAGTCAGCGGTTAAAGGGTGTGGCTCAACCATACATTGCCGTTGAAACTGGCGATCTTGAGTGCAGACAGGGATGCCGGAATTCGTGGT	d__Bacteria; p__Bacteroidota; c__Bacteroidia; o__Bacteroidales; f__Prevotellaceae; g__Alloprevotella; s__uncultured_Bacteroidetes
-0.0004666488044162	-0.0106633130640581	-0.0107351072936236	TACAGAGGGTGCAAGCGTTAATCGGAATTACTGGGCGTAAAGCGCGCGTAGGTGGTTTGTTAAGTTGGATGTGAAAGCCCCGGGCTCAACCTGGGAACTGCATCCAAAACTGGCAAGCTAGAGTACGGTAGAGGGTGGTGGAATTTCCTG	d__Bacteria; p__Proteobacteria; c__Gammaproteobacteria; o__Pseudomonadales; f__Pseudomonadaceae; g__Pseudomonas
0.0025452270780817	-0.0106575010441022	0.0052798497495461	TACGGGGGGTGCGAGCGTTAATCGGAATAACTGGGCGTAAAGGGCACGCAGGCGGTGACTTAAGTGAGATGTGAAAGCCCCGGGCTTAACCTGGGAATTGCATTTCATACTGGGTCGCTAGAGTACTTTAGGGAGGGGTAGAATTCCACG	d__Bacteria; p__Proteobacteria; c__Gammaproteobacteria; o__Pasteurellales; f__Pasteurellaceae
0.0106102770383595	0.0038667807509012	0.0062583773138209	TACAGAGGGTGCGAGCGTTAATCGGATTTACTGGGCGTAAAGCGTGCGTAGGCGGCTGATTAAGTCGGATGTGAAATCCCTGAGCTTAACTTAGGAATTGCATTCGATACTGGTCAGCTAGAGTATGGGAGAGGATGGTAGAATTCCAGG	d__Bacteria; p__Proteobacteria; c__Gammaproteobacteria; o__Pseudomonadales; f__Moraxellaceae; g__Acinetobacter
0.0012251321776181	-0.0105571504890592	0.0047156796619305	TACGTAAGGGGCGAGCGTTGTCCGGAATTATTGGGCGTAAAGAGTGCGTAGGCGGCAAATTAAGTCAGATGTGAAAACTAAGGGCTCAACCCATAGATTGCATCTGAAACTGATATGCTTGAGTCAAGGAGAGGAAAGTGGAATTCCTAG	d__Bacteria; p__Firmicutes; c__Clostridia; o__Peptostreptococcales-Tissierellales; f__Peptostreptococcales-Tissierellales; g__Fenollaria
0.0105196085248752	0.0084111779153397	0.0054502644796788	TACGGAGGGTGCGAGCGTTAATCGGAATAACTGGGCGTAAAGGGCACGCAGGCGGACTTTTAAGTGAGGTGTGAAAGCCCCGGGCTTAACCTGGGAATTGCATTTCAGACTGGGAGTCTAGAGTACTTTAGGGAGGGGTAGAATTCCACG	d__Bacteria; p__Proteobacteria; c__Gammaproteobacteria; o__Pasteurellales; f__Pasteurellaceae
0.0035982506564532	-0.0099729454303302	-0.0057143479745227	TACGTAGGGTGCGAGCGTTGTCCGGATTTACTGGGCGTAAAGAGCTCGTAGGTGGCTTGTCGCGTCGTCTGTGAAAGTCTGGGGCTTAACTCCGGGTGTGCAGGCGATACGGGCTGGCTTGAGTGCTGTAGGGGAGACTGGAATTCCTGG	d__Bacteria; p__Actinobacteriota; c__Actinobacteria; o__Corynebacteriales; f__Corynebacteriaceae; g__Turicella; s__uncultured_bacterium
0.0069154619005615	0.0085705418535458	0.0020810541795369	TACGTAGGGTGCGAGCGTTGTCCGGAATTACTGGGCGTAAAGAGCTCGTAGGTGGTTTGTCGCGTCGTTTGTGGAAGTCCACGGCTTAACTGTGGGACTGCAGGCGATACGGGCATAACTTGAGTGCTGTAGGGGAGACTGGAATTCCTG	d__Bacteria; p__Actinobacteriota; c__Actinobacteria; o__Corynebacteriales; f__Corynebacteriaceae; g__Corynebacterium; s__Corynebacterium_riegelii
0.0082849733539551	-0.0009488187907002	0.0054800052785402	TACGTAGGGCGCGAGCGTTGTCCGGAATTATTGGGCGTAAAGAGCTTGTAGGCGGTTTGTCGCGTCTGCTGTGAAAGGCCGGAGCTTAACTCCGTGTATTGCAGTGGGTACGGGCAGACTAGAGTGCAGTAGGGGAGACTGGAATTCCTG	d__Bacteria; p__Actinobacteriota; c__Actinobacteria; o__Micrococcales; f__Micrococcaceae; g__Rothia
0.0067057918299475	-0.0003646217477135	0.0079267329981446	TACGTAGGGTGCAAGCGTTGTCCGGAATTACTGGGCGTAAAGAGCTCGTAGGTGGTTTGTCGCGTCGTCTGTGAAATCCCGGGGCTTAACTCCGGGTCTGCAGGCGATACGGGCATAACTAGAGTGCTGTAGGGGAGACTGGAATTCCTG	d__Bacteria; p__Actinobacteriota; c__Actinobacteria; o__Corynebacteriales; f__Corynebacteriaceae; g__Corynebacterium; s__Corynebacterium_suicordis
0.0060790904395043	-0.0078822019718862	-0.0011560921865759	TACGGAGGGGGCTAGCGTTGTTCGGAATTACTGGGCGTAAAGCGCACGTAGGCGGACCGGAAAGTCAGAGGTGAAATCCCAGGGCTCAACCTTGGAACTGCCTTTGAAACTATCGGTCTGGAGTTCGAGAGAGGTGAGTGGAATTCCGAG	d__Bacteria; p__Proteobacteria; c__Alphaproteobacteria; o__Rhodobacterales; f__Rhodobacteraceae; g__Paracoccus
0.0077774580973605	0.002516668177767	-0.0005052063219663	TACGAAGGGGGCTAGCGTTGCTCGGAATTACTGGGCGTAAAGGGCGCGTAGGCGGACAGTTTAGTCAGAGGTGAAAGCCCAGGGCTCAACCTTGGAATTGCCTTTGATACTGGCTGTCTTGAGTTCGGGAGAGGTGAGTGGAATGCCGAG	d__Bacteria; p__Proteobacteria; c__Alphaproteobacteria; o__Caulobacterales; f__Caulobacteraceae; g__Phenylobacterium
0.0026523425205534	-0.0006000078964705	-0.0076011175817539	TACGTATGTCGCAAGCGTTATCCGGAATTATTGGGCATAAAGGGCATCTAGGCGGCCCTGTAAGTCTAGGGTGAAAACCTGCGGCTCAACCGCAGGCCTGCCCCGGAAACTACAGGGCTAGAGTATCGGAGAGGTGGACGGAACTGCACG	d__Bacteria; p__Fusobacteriota; c__Fusobacteriia; o__Fusobacteriales; f__Leptotrichiaceae; g__Leptotrichia; s__Leptotrichia_hongkongensis
0.0055085894677379	0.0072400628805869	-0.003949945862249	TACGGAGGGCGCGAGCGTTACCCGGATTCACTGGGCGTAAAGGGCGTGTAGGCGGCCTGGGGCGTCCCATGTGAAAGACCACGGCTCAACCGTGGGGGAGCGTGGGATACGCTCAGGCTAGACGGTGGGAGAGGGTGGTGGAATTCCCGG	d__Bacteria; p__Deinococcota; c__Deinococci; o__Thermales; f__Thermaceae; g__Thermus
0.0048809458288657	-0.0043332203443174	-0.0071229726448638	TACGTAGGGTGCAAGCGTTAATCGGAATTACTGGGCGTAAAGCGTGCGCAGGCGGTTTTGTAAGTCTGTCGTGAAATCCCCGGGCTCAACCTGGGAATTGCGATGGAGACTGCAAGGCTAGAATCTGGCAGAGGGGGGTAGAATTCCACG	d__Bacteria; p__Proteobacteria; c__Gammaproteobacteria; o__Burkholderiales; f__Oxalobacteraceae; g__Massilia
0.0057995524335579	-0.0039108048357805	0.0001460786185123	TACGTAGGGTACAAGCGTTGTCCGGAATTATTGGGCGTAAAGAGCTCGTAGGTGGTTGGTCACGTCTGCTGTGGAAACGCAACGCTTAACGTTGCGCGTGCAGTGGGTACGGGCTGACTAGAGTGCAGTAGGGGAGTCTGGAATTCCTGG	d__Bacteria; p__Actinobacteriota; c__Actinobacteria; o__Micrococcales; f__Brevibacteriaceae; g__Brevibacterium
0.0056625286513444	0.0003462021550885	-0.0029840225569905	TACGTATGTCACAAGCGTTATCCGGATTTATTGGGCGTAAAGCGCGTCTAGGCGGTTAATTAAGTCTGATGTGAAAATGCGGAGCTCAACTCCGTATTGCGTTGGAAACTGGTTAACTAGAGTACTGGAGAGGTAAGCGGAACTACAAGT	d__Bacteria; p__Fusobacteriota; c__Fusobacteriia; o__Fusobacteriales; f__Fusobacteriaceae; g__Fusobacterium; s__Fusobacterium_sp.
0.0053223537020865	-0.0006640909267141	0.00028623610658	TACGTAGGTGGCAAGCGTTGTCCGGATTTATTGGGCGTAAAGCGAGCGCAGGCGGAAGAATAAGTCTGATGTGAAAGCCCTCGGCTTAACCGAGGAACTGCATCGGAAACTGTTTTTCTTGAGTGCAGAAGAGGAGTGTGGAACTCCATG	d__Bacteria; p__Firmicutes; c__Bacilli; o__Lactobacillales; f__Lactobacillaceae; g__Lactobacillus
0.0011258754689041	-0.0007283187541802	0.0024152605919689	TACGGAGGATGCGAGCGTTATCCGGATTTATTGGGTTTAAAGGGTGCGTAGGCGGTTTGTTAAGTCAGCGGTGAAATCTAGAGGCTCAACCTCGAAACTGCCGTTGAAACTGGCGAACTTGAGTGTAGATGAGGTAGGCGGAATTCGTGG	d__Bacteria; p__Bacteroidota; c__Bacteroidia; o__Bacteroidales; f__Porphyromonadaceae; g__Porphyromonas; s__uncultured_bacterium
