ASV_sequence	Taxon_label	ASV_rank	total_abundance
ATTGAACGCTGGCGGCATGCTTTACACATGCAAGTCGAACGGCAGCGAGGAGAAGCTTGCTTCTCTGTCGGCGAGTGGCGAACGGGTGAGTATAGCATCGGAACGTGCCAAGTAGTGGGGGATAACCAAACGAAAGTTTGGCTAATACCG	c__Gammaproteobacteria	1	134410.0
ATTGAACGCTGGCGGCATGCTTTACACATGCAAGTCGAACGGCAACGAGGAGAAGCTTGCTTCTCTGTCGGCGAGTGGCGAACGGGTGAGTATAGCATCGGAACGTGCCAAGTAGTGGGGGATAACCAAACGAAAGTTTGGCTAATACCG	c__Gammaproteobacteria	2	10792.0
ATTGAACGCTGGCGGCATGCTTTACACATGCAAGTCGAACGGCAGCGAAGAGAAGCTTGCTTCTCTGTCGGCGAGTGGCGAACGGGTGAGTATAGCATCGGAACGTGCCAAGTAGTGGGGGATAACCAAACGAAAGTTTGGCTAATACCG	c__Gammaproteobacteria	3	4747.0
ATTGAACGCTGGCGGCAGGCTTAACACATGCAAGTCGAACGGTAGCAGGAGAAAGCTTGCTTTCTTGCTGACGAGTGGCGGACGGGTGAGTAATGCTTGGGAATCTGGCTTATGGAGGGGGATAACTACGGGAAACTGTAGCTAATACCG	f__Pasteurellaceae	1	679.0
GATGAACGCTAGCTACAGGCTTAACACATGCAAGTCGAGGGGCAGCATGGAAGAAGCTTGCTTCTTCTGATGGCGACCGGCGCACGGGTGCGTAACGCGTATCAAACCTGCCTCATACTCGGGGATAGCCTTGCGAAAGTAAGATTAATA	g__Alloprevotella	1	3972.0
GATTAACGCTGGCGGCGTGCATAACACATGCAAGTCGAACGATGAAACTTAGTAGACTTCTTCGGAAAGACACTAAGCGGATTAGTGGCGAACGGGTGAGTAACGCGTGAGTAACCTGCCTTACACAAGGGGATAGCCTTTGGAAACGAA	g__Anaerococcus	1	547.0
AGCGAACGCTGGCGGCAGGCTTAACACATGCAAGTCGAGCGGGCGTAGCAATACGTCAGCGGCAGACGGGTGAGTAACGCGTGGGAACGTACCTTTTGGTTCGGAACAACACAGGGAAACTTGTGCTAATACCGGATAAGCCCTTACGGG	g__Bradyrhizobium	1	357.0
GACGAACGCTGGCGGCGTGCTTAACACATGCAAGTCGAACGCTGAAGCTTGGTGCTTGCACTGGGTGGATGAGTGGCGAACGGGTGAGTATCACGTGAGTAACCTGCCCCTGACTTCGGGATAAGCCTGGGAAACTGGGTCTAATACCGG	g__Brevibacterium	1	236.0
AGCGAACGCTGGCGGCAGGCCTAACACATGCAAGTCGAACGAACCTTTCGGGGTTAGTGGCGGACGGGTGAGTAACACGTGGGAACGTGCCTTTAGGTTCGGAATAACTCAGGGAAACTTGTGCTAATACCGAATGTGCCCTTCGGGGGA	g__Brevundimonas	1	80.0
GACGAACGCTGGCGGCGTGCCTAATACATGCAAGTCGAACGAACGGATAAAGAGCTTGCTCTTTTGAAGTTAGTGGCGGACGGGTGAGTAACACGTGGGTAACCTGCCTCACAGCTGGGGATAACATCGAGAAATCGATGCTAATACCGA	g__Brochothrix	1	215.0
AGCGAACGCTGGCGGCAGGCCTAACACATGCAAGTCGAACGGATCCTTCGGGATTAGTGGCGGACGGGTGAGTAACACGTGGGAACGTGCCCTTTGGTTCGGAACAACTCAGGGAAACTTGAGCTAATACCGGATGTGCCCTTCGGGGGA	g__Caulobacter_487784	1	358.0
GACGAACGCTGGCGGCGTGCTTAACACATGCAAGTCGAACGGAAAGGCCCTGCTTGCAGGGTACTCGAGTGGCGAACGGGTGAGTAACACGTGGGTGATCTGCCCTGCACTTCGGGATAAGCCTGGGAAACTGGGTCTAATACCGGATAG	g__Corynebacterium	1	6595.0
GACGAACGCTGGCGGCGTGCTTAACACATGCAAGTCGAACGGTAAGGCTCCAGCTTGCTGGGGTACACGAGTGGCGAACGGGTGAGTAACACGTGGGTGACCTGCCCTGCACTTCGGGATAAGCCTGGGAAACTGGGTCTAATACCGGAT	g__Corynebacterium	2	2899.0
GACGAACGCTGGCGGCGTGCTTAACACATGCAAGTCGAACGGAAAGGCCCTGCTTGCAGGGTACTCGAGTGGCGAACGGGTGAGTAACACGTGGGTGATCTGCCCTGCACTTCGGGATAAGCTTGGGAAACTGGGTCTAATACCGGATAG	g__Corynebacterium	3	2777.0
GACGAACGCTGGCGGCGTGCTTAACACATGCAAGTCGAACGGAAAGGCCAGTGCTTGCACTGGTACTCGAGTGGCGAACGGGTGAGTAACACGTGGGTGATCTGCCTTGCACTCTGGGATAAGCTTGGGAAACTGGGTCTAATACCGGAT	g__Corynebacterium	4	1522.0
GACGAACGCTGGCGGCGTGCTTAACACATGCAAGTCGAACGGAAAGGCTCCTTGCTTGCAAGGGGTACTCGAGTGGCGAACGGGTGAGTAACACGTGGGTGATCTGCCTTGCACTTCGGGATAAGCCTGGGAAACTGGGTCTAATACCGG	g__Corynebacterium	5	1354.0
GATGAACGCTGGCGGCGTGCTTAACACATGCAAGTCGAACGGAAAGGCCCAAGCTTGCTTGGGTACTCGAGTGGCGAACGGGTGAGTAACACGTGGGTGATCTGCCCTGCACTTCGGGATAAGCCTGGGAAACTGGGTCTAATACCGGAT	g__Corynebacterium	6	953.0
GACGAACGCTGGCGGCGTGCTTAACACATGCAAGTCGAACGGTAAGGCCCCAGCTTGCTGGGGTACACGAGTGGCGAACGGGTGAGTAACACGTGGGTGACCTGCCCCGCACTTCGGGATAAGCCTGGGAAACTGGGTCTAATACCGGAT	g__Corynebacterium	7	757.0
GACGAACGCTGGCGGCGTGCTTAACACATGCAAGTCGAACGGAAAGGCCCTGCTTGCGGGGTACTCGAGTGGCGAACGGGTGAGTAACACGTGGGTGATCTGCCCTGCACTTCGGGATAAGCTTGGGAAACTGGGTCTAATACCGGATAG	g__Corynebacterium	8	749.0
GATGAACGCTGGCGGCGTGCTTAACACATGCAAGTCGAACGGAAAGGCCGAAGCTTGCTTCGGTACTCGAGTGGCGAACGGGTGAGTAACACGTGGGTGATCTGCCCTGTACTTCGGGATAAGCTTGGGAAACTGGGTCTAATACCGGAT	g__Corynebacterium	9	286.0
GACGAACGCTGGCGGCGTGCTTAACACATGCAAGTCGAACGATGATGCCCTGCTTGCAGGGTGGATTAGTGGCGAACGGGTGAGTAACACGTGGGTGATCTGCCTCGTACTTCGGGATAAGCCTGGGAAACTGGGTCTAATACCGGATAG	g__Corynebacterium	10	267.0
GACGAACGCTGGCGGCGTGCTTAACACATGCAAGTCGAACGGAAAGGCCCTGCTTGCAGGGTGCTCGAGTGGCGAACGGGTGAGTAACACGTGGGTGATCTGCCCCTTACTTTGGGATAAGCCTGGGAAACTGGGTCTAATACTGGATAG	g__Corynebacterium	11	229.0
GACGAACGCTGGCGGCGTGCTTAACACATGCAAGTCGAACGGAAAGGCCCTGCTTTTGTGGGGTGCTCGAGTGGCGAACGGGTGAGTAACACGTGAGTAACCTGCCCTTGACTTTGGGATAACTTCAGGAAACTGGGGCTAATACCGGAT	g__Cutibacterium	1	2076873.0
GACGAACGCTGGCGGCGTGCTTAACACATGCAAGTCGTACGGTAAGGCCCTTTCGGGGGTACACGAGTGGCGAACGGGTGAGTAACACGTGAGTAACCTGCCCACAACTTTGGGATAACGCTAGGAAACTGGTGCTAATACTGGATATGT	g__Cutibacterium	2	8133.0
GACGAACGCTGGCGGCGTGCTTAACACATGCAAGTCGAACGGAAAGGCCCCCTTGTGGGGTACTCGAGTGGCGAACGGGTGAGTAACACGTGAGTAACCTACCCTTGACTTTGGGATAACTTCAGGAAACTGGGGCTAATACCGGATAGG	g__Cutibacterium	3	3032.0
GACGAACGCTGGCGGCGTGCTTAACACATGCAAGTCGAACGGAAAGGCCCTGCTTTTGTGGGGTGCTCGAGTGGCGAACGGGTGAGTAACACGTGAGTAACCTGCCCCTGACTTTGGGATAACTTCAGGAAACTGGGGCTAATACCGGAT	g__Cutibacterium	4	1340.0
GACGAACGCTGGCGGCGTGCTTAACACATGCAAGTCGAACGGACAGACAGAGAGCTTGCTCTCTTGAAGTTAGTGGCGAACGGGTGAGTAACGCGTAATCAACCTGCCCTTCAGAGGGGGATAACAACGGGAAACCGTTGCTAATACCGC	g__F0422	1	807.0
GACGAACGCTGGCGGCGCGCCTAACACATGCAAGTCGAACGAGCGAGAGAGAGCTTGCTTTCTCGAGCGAGTGGCGAACGGGTGAGTAACGCGTGAGGAACCTGCCTCAAAGAGGGGGACAACAGTTGGAAACGACTGCTAATACCGCAT	g__Faecalibacterium	1	187.0
GACGAACGCTGGCGGCGTGCCTAATACATGCAAGTCGAGCGAAGTTTTTCTGGTGCTTGCACTAGAAAAACTTAGCGGCGAACGGGTGAGTAACACGTAAAGAACCTGCCTCATAGACTGGGACAACTATTGGAAACGATAGCTAATACC	g__Gemella	1	723.0
GACGAACGCTGGCGGCGTGCCTAATACATGCAAGTCGAACGAGAGCGACCGGTGCTTGCACTGGTCAATCTAGTGGCGAACGGGTGAGTAACACGTGGGTAACCTGCCCATCAGAGGGGGATAACATTCGGAAACGGATGCTAAAACCGC	g__Granulicatella	1	1665.0
ATTGAACGCTGGCGGCAGGCTTAACACATGCAAGTCGAACGGTAACATAAAGAAGCTTGCTTCTTTGATGACGAGTGGCGGACGGGTGAGTAATGCTTGGGAATCTAGCTTATGGAGGGGGATAACTACGGGAAACTGTAGCTAATACCG	g__Haemophilus_D_735815	1	1223.0
GATGAACGCTGGCGGCATGCTTAACACATGCAAGTCGGACGGGAAGTGGTGTTTCCAGTGGCGGACGGGTGAGTAACGCGTAAGAACCTGCCCTTGGGAGGGGAACAACAGCTGGAAACGGCTGCTAATACCCCGTAGGCTGAGGAGCAA	g__JC017	1	3213.0
GACGAACGCTGGCGGCGTGCTTAACACATGCAAGTCGAACGGTGAAGCTCCAGCTTGCTGGAGTGGATCAGTGGCGAACGGGTGAGTAACACGTGAGCAACCTGCCCCTGACTCTGGAATAAGCGCTGGAAACGGCGTCTAATACTGGAT	g__Janibacter_A_390549	1	799.0
GACGAACGCTGGCGGCGTGCTTAACACATGCAAGTCGAACGCTGAAGCTTGGTGCTTGCACTGGGTGGATGAGTGGCGAACGGGTGAGTAATACGTGAGTAACCTGCCCTTGACTCTGGGATAAGCCTGGGAAACTGGGTCTAATACTGG	g__Kocuria	1	552.0
GACGAACGCTGGCGGCGTGCCTAATACATGCAAGTCGAGCGAGTCTGCCTTGAAGATCGGAGTGCTTGCACTCTGTGAAACAAGATACAGGCTAGCGGCGGACGGGTGAGTAACACGTGGGTAACCTGCCCAAGAGATCGGGATAACACC	g__Lactobacillus	1	2037.0
GACGAACGCTGGCGGCGTGCCTAATACATGCAAGTCGAGCGAGCGAAACTAACAGATTTACTTCGGTAATGACGTTAGGAAAGCGAGCGGCGGATGGGTGAGTAACACGTGGGGAACCTGCCCCATAGTCTGGGATACCACTTGGAAACA	g__Lactobacillus	2	1162.0
GACGAACGCTGGCGGCGTGCCTAATACATGCAAGTCGAGCGAGCGGAACTAACAGATTTACTTCGGTAATGACGTTAGGAAAGCGAGCGGCGGATGGGTGAGTAACACGTGGGGAACCTGCCCCATAGTCTGGGATACCACTTGGAAACA	g__Lactobacillus	3	321.0
GACGAACGCTGGCGGCGTGCTTAACACATGCAAGTCGAACGGAAAGGCTCCAGCTTGCTGGAGTACTCGAGTGGCGAACGGGTGAGTAACACGTGGGTAATCTGCCCTGCACTCTGGGATAAGCCTGGGAAACTGGGTCTAATACTGGAT	g__Lawsonella	1	22540.0
ATTGAACGCTGGCGGCATGCCTTACACATGCAAGTCGAACGGTAACAGGTCTTCGGATGCTGACGAGTGGCGAACGGGTGAGTAATACATCGGAACGTGCCCAGTAATGGGGGATAGCTCGGCGAAAGCCGGATTAATACCGCATACGCC	g__Limnobacter	1	586.0
GATGAACGCTGGCGGCGTGCTTAACACATGCAAGTCGAACGATGAAGCCCAGCTTGCTGGGTGGATTAGTGGCGAACGGGTGAGTAACACGTGAGTAACCTGCCCTTAACTCTGGGATAAGCCTGGGAAACTGGGTCTAATACCGGATAG	g__Micrococcus	1	1876.0
ATTGAACGCTGGCGGCAGGCTTAACACATGCAAGTCGAACGATGATTATCTAGCTTGCTAGATATGATTAGTGGCGGACGGGTGAGTAACATTTAGGAATCTGCCTAGTAGTGGGGGATAGCTCGGGGAAACTCGAATTAATACCGCATA	g__Moraxella_A_651124	1	364.0
ATTGAACGCTGGCGGCATGCTTTACACATGCAAGTCGGACGGCAGCACAGAGAAGCTTGCTTCTTGGGTGGCGAGTGGCGAACGGGTGAGTAACATATCGGAACGTACCGAGCAGTGGGGGATAACTAATCGAAAGATTAGCTAATACCG	g__Neisseria_563205	1	1704.0
ATTGAACGCTGGCGGCATGCTTTACACATGCAAGTCGGACGGCAGCACAGAGAAGCTTGCTTCTTGGGTGGCGAGTGGCGAACGGGTGAGTAATATATCGGAACGTACCGAGTAATGGGGGATAACTAATCGAAAGATTAGCTAATACCG	g__Neisseria_563205	2	603.0
ATTGAACGCTGGCGGCATGCTTTACACATGCAAGTCGGACGGCAGCACAGAGAAGCTTGCTTCTTGGGTGGCGAGTGGCGAACGGGTGAGTAACATATCGGAACGTACCGAGTAATGGGGGATAACTAATCGAAAGATTAGCTAATACCG	g__Neisseria_563205	3	438.0
GACGAACGCTGGCGGCGTGCTTAACACATGCAAGTCGAGCGGAAAGGCCCTTTCGGGGGTACTCGAGCGGCGAACGGGTGAGTAACACGTGAGTAATCTGCCCTTGGCTTCGGGATAGCCACCGGAAACGGTGATTAATACCGGATACGA	g__Nocardioides_A_392796	1	298.0
GATGAACGCTAGCGATAGGCTTAACACATGCAAGTCGAGGGGCAGCATGGTCTTAGCTTGCTAAGACTGATGGCGACCGGCGCACGGGTGCGTAACGCGTATGCAACTTGCCTCACAGAGGGGGATAACCCGTCGAAAGACGGACTAATA	g__Porphyromonas_A_859423	1	2005.0
GATGAACGCTAGCGATAGGCTTAACACATGCAAGTCGAGGGGCAGCATTATTTTAGCTTGCTAAGATAGATGGCGACCGGCGCACGGGTGCGTAACGCGTATGCAACCTGCCTGTAATTAGGGAATAACCCGGTGAAAGTCGGACTAATA	g__Porphyromonas_A_859424	1	190.0
GATGAACGCTAGCTACAGGCTTAACACATGCAAGTCGAGGGGAAACGGCATTGAGTGCTTGCACTCTTTGGACGTCGACCGGCGCACGGGTGAGTAACGCGTATCCAACCTTCCCATTACTGTGGGATAACCTGCCGAAAGGCAGACTAA	g__Prevotella	1	1780.0
GATGAACGCTAGCTACAGGCTTAACACATGCAAGTCGAGGGGCAGCATGTTGGTTGCTTGCAACCAATGATGGCGACCGGCGCACGGGTGAGTAACGCGTATCCAACCTACCCAATACTCAGGCATAACCCGTTGAAAGACGGACTAATT	g__Prevotella	2	505.0
ATTGAACGCTGGCGGCAGGCCTAACACATGCAAGTCGAGCGGTAACAGAAAGTAGCTTGCTACTTTGCTGACGAGCGGCGGACGGGTGAGTAATGCTTGGGAACATGCCTTGAGGTGGGGGACAACAGTTGGAAACGACTGCTAATACCG	g__Pseudoalteromonas	1	63.0
GATGAACGCTGGCGGCGTGCTTAACACATGCAAGTCGAACGCTGAAGCCTGGTGCTTGCACTGGGTGGATGAGTGGCGAACGGGTGAGTAACACGTGAGTAACCTGCCCTTGACTTCGGGATAAGCCCGGGAAACTGGGTCTAATACTGG	g__Pseudoglutamicibacter	1	105.0
GACGAACGCTGGCGGCGTGCTTAACACATGCAAGTCGAACGATGAAGCCTAGCTTGCTAGGTGGATTAGTGGCGAACGGGTGAGTAATACGTGAGTGACCTACCTTTGACTCTGGGATAAGCCTGGGAAACTGGGTCTAATACCGGATAC	g__Rothia	1	1321.0
GACGAACGCTGGCGGCGTGCTTAACACATGCAAGTCGAACGATGAAGCCTAGCTTGCTAGGTGGATTAGTGGCGAACGGGTGAGTAATACGTGAGTAACCTACCTTTAACTCTGGGATAAGCCTGGGAAACTGGGTCTAATACCGGATAC	g__Rothia	2	575.0
GATGAACGCTGGCGGCGTGCCTAATACATGCAAGTCGAGCGAACAGACGAGGAGCTTGCTCCTCTGACGTTAGCGGCGGACGGGTGAGTAACACGTGGATAACCTACCTATAAGACTGGGATAACTTCGGGAAACCGGAGCTAATACCGG	g__Staphylococcus	1	45236.0
GATGAACGCTGGCGGCGTGCCTAATACATGCAAGTCGAGCGAACAGACGAGGAGCTTGCTCCTCTGATGTTAGCGGCGGACGGGTGAGTAACACGTGGATAACCTACCTATAAGACTGGGATAACTTCGGGAAACCGGAGCTAATACCGG	g__Staphylococcus	2	791.0
GATGAACGCTGGCGGCGTGCCTAATACATGCAAGTCGAGCGAACAGACGAGGAGCTTGCTCCTTTGACGTTAGCGGCGGACGGGTGAGTAACACGTGGATAACCTACCTATAAGACTGGGATAACTTCGGGAAACCGGAGCTAATACCGG	g__Staphylococcus	3	748.0
GATGAACGCTGGCGGCGTGCCTAATACATGCAAGTCGAGCGAACAGACGAGGAGCTTGCTCCTCTGACGTTAGCGGTGGACGGGTGAGTAACACGTGGATAACCTACCTATAAGACTGGGATAACTTCGGGAAACCGGAGCTAATACCGG	g__Staphylococcus	4	696.0
GATGAACGCTGGCGGCGTGCCTAATACATGCAAGTCGAGCGAACAGATGAGGAGCTTGCTCCTCTGACGTTAGCGGCGGACGGGTGAGTAACACGTGGATAACCTACCTATAAGACTGGGATAACTTCGGGAAACCGGAGCTAATACCGG	g__Staphylococcus	5	435.0
GATGAACGCTGGCGGCGTGCCTAATACATGCAAGTCGAGCGAACAGACGAGGAGCTTGCTCCTTTGACGTTAGCGGCGGACGGGTGAGTAACACGTGGGTAACCTACCTATAAGACTGGGATAACTTCGGGAAACCGGAGCTAATACCGG	g__Staphylococcus	6	203.0
GACGAACGCTGGCGGCGTGCCTAATACATGCAAGTAGAACGCTGAAGGAGGAGCTTGCTTCTCTGGATGAGTTGCGAACGGGTGAGTAACGCGTAGGTAACCTGCCTGGTAGCGGGGGATAACTATTGGAAACGATAGCTAATACCGCAT	g__Streptococcus	1	10991.0
GACGAACGCTGGCGGCGTGCCTAATACATGCAAGTAGAACGCTGAAGGAGGAGCTTGCTCTTCTGGATGAGTTGCGAACGGGTGAGTAACGCGTAGGTAACCTGCCTGGTAGCGGGGGATAACTATTGGAAACGATAGCTAATACCGCAT	g__Streptococcus	2	3335.0
GACGAACGCTGGCGGCGTGCCTAATACATGCAAGTAGAACGCTGAAGAGAGGAGCTTGCTCTTCTTGGATGAGTTGCGAACGGGTGAGTAACGCGTAGGTAACCTGCCTGGTAGCGGGGGATAACTATTGGAAACGATAGCTAATACCGC	g__Streptococcus	3	2005.0
GACGAACGCTGGCGGCGTGCCTAATACATGCAAGTAGAACGCTGAAGAGAGGAGCTTGCTCTTCTTGGATGAGTTGCGAACGGGTGAGTAACGCGTAGGTAACCTGCCTTGTAGCGGGGGATAACTATTGGAAACGATAGCTAATACCGC	g__Streptococcus	4	1749.0
GACGAACGCTGGCGGCGTGCCTAATACATGCAAGTAGAACGCTGAAGGAGGAGCTTGCTTCTCCGGATGAGTTGCGAACGGGTGAGTAACGCGTAGGTAACCTGCCTGGTAGCGGGGGATAACTATTGGAAACGATAGCTAATACCGCAT	g__Streptococcus	5	1739.0
GACGAACGCTGGCGGCGTGCCTAATACATGCAAGTAGAACGCTGAAGCTTGGTGCTTGCACCGAGCGGATGAGTTGCGAACGGGTGAGTAACGCGTAGGTAACCTGCCTGGTAGCGGGGGATAACTATTGGAAACGATAGCTAATACCGC	g__Streptococcus	6	1418.0
GACGAACGCTGGCGGCGTGCCTAATACATGCAAGTAGAACGCTGAAGGAGGAGCTTGCTCTTCTGGATGAGTTGCGAACGGGTGAGTAACGCGTAGGTAACCTGCCTGGTAGTGGGGGATAACTATTGGAAACGATAGCTAATACCGCAT	g__Streptococcus	7	551.0
GATGAACGCTGGCGGCGTGCCTAATACATGCAAGTAGAACGCTGAAGCTTGGTGCTTGCACCGAGCGGATGAGTTGCGAACGGGTGAGTAACGCGTAGGTAACCTGCCTCTTAGCGGGGGATAACTATTGGAAACGATAGCTAATACCGC	g__Streptococcus	8	359.0
GACGAACGCTGGCGGCGTGCCTAATACATGCAAGTAGAACGCTGAAGAGAGGAGCTTGCTCTTCTTGAATGAGTTGCGAACGGGTGAGTAACGCGTAGGTAACCTGCCTTGTAGCGGGGGATAACTATTGGAAACGATAGCTAATACCGC	g__Streptococcus	9	33.0
GACGAACGCTGGCGGCGTGCTTAACACATGCAAGTCGAACGAAGAGCGATGGAAGCTTGCTTCTATCAATCTTAGTGGCGAACGGGTGAGTAACGCGTAATCAACCTGCCCTTCAGAGGGGGACAACAGTTGGAAACGACTGCTAATACC	g__Veillonella_A	1	4085.0
GACGAACGCTGGCGGCGTGCTTAACACATGCAAGTCGAACGAAGAGCGACGGAAGCTTGCTTCTATCAATCTTAGTGGCGAACGGGTGAGTAACGCGTAATCAACCTGCCCTTCAGAGGGGGACAACAGTTGGAAACGACTGCTAATACC	g__Veillonella_A	2	290.0
AGTGAACGCTGGCGGCAGGCCTAACACATGCAAGTCGAACGGCAGCACAGTAAGAGCTTGCTCTTATGGGTGGCGAGTGGCGGACGGGTGAGGAATACATCGGAATCTACTCTTTCGTGGGGGATAACGTAGGGAAACTTACGCTAATAC	g__Xanthomonas_A_614439	1	22636.0
GACGAACGCTGGCGGCACGCTTAACACATGCAAGTCGAACGAGGTCCATCCACTCGCAAGAGTGGTGAAGACCTAGTGGCGAACGGGTGAGTAACACGTGAGAAACCTGCCCCGAAGACCGGGATAACTCACCGAAAGGTGAGCTAATAC	p__Actinobacteriota	1	671.0
