featureid	PC1	PC2	PC3
AACGAACGCTGGCGGCAGGCTTAACACATGCAAGTCGAACGCCCCGCAAGGGGAGTGGCAGACGGGTGAGTAACGCGTGGGAACATACCCTTTCCTGCGGAATAGCTCCGGGAAACTGGAATTAATACCGCATACGCCCTACGGGGGAAA	-0.0158500898331824	-0.0057410250237455	-0.038426612669361
AACGAACGCTGGCGGCATGCCTAACACATGCAAGTCGAACGAACTCTTCGGAGTTAGTGGCGCACGGGTGCGTAACGCGTGGGAATCTGCCCTTGGGTACGGAATAACTCAGAGAAATTTGTGCTAATACCGTATAATGTCTTCGGACCA	0.1303037559690918	0.1336891203325916	-0.1744593569965431
AGCGAACGCTGGCGGCAGGCCTAACACATGCAAGTCGAACGGATCCTTCGGGATTAGTGGCGGACGGGTGAGTAACACGTGGGAACGTGCCCTTTGGTTCGGAACAACTCAGGGAAACTTGAGCTAATACCGGATGTGCCCTTCGGGGGA	-0.0149263877764116	0.00740985655431	-0.0079099636261653
AGCGAACGCTGGCGGCAGGCTTAACACATGCAAGTCGAGCGGGCGTAGCAATACGTCAGCGGCAGACGGGTGAGTAACGCGTGGGAACGTACCTTTTGGTTCGGAACAACACAGGGAAACTTGTGCTAATACCGGATAAGCCCTTACGGG	0.0134394783536873	-0.0032818016623086	-0.0419048866876489
ATTGAACGCTGGCGGCAGGCTTAACACATGCAAGTCGAACGATGATTATCTAGCTTGCTAGATATGATTAGTGGCGGACGGGTGAGTAACATTTAGGAATCTGCCTAGTAGTGGGGGATAGCTCGGGGAAACTCGAATTAATACCGCATA	-0.0366764300989624	0.0020253363650084	-0.031172679767276
ATTGAACGCTGGCGGCAGGCTTAACACATGCAAGTCGAACGGTAACATAAAGAAGCTTGCTTCTTTGATGACGAGTGGCGGACGGGTGAGTAATGCTTGGGAATCTAGCTTATGGAGGGGGATAACTACGGGAAACTGTAGCTAATACCG	-0.0374282985361592	0.0165916862821245	-0.0259650792004334
ATTGAACGCTGGCGGCAGGCTTAACACATGCAAGTCGAACGGTAGCAGGAGAAAGCTTGCTTTCTTGCTGACGAGTGGCGGACGGGTGAGTAATGCTTGGGAATCTGGCTTATGGAGGGGGATAACTACGGGAAACTGTAGCTAATACCG	-0.028928671490294	0.0088041192662104	-0.02608889104302
ATTGAACGCTGGCGGCATGCCTTACACATGCAAGTCGAACGGTAACAGGTCTTCGGATGCTGACGAGTGGCGAACGGGTGAGTAATACATCGGAACGTGCCCAGTAATGGGGGATAGCTCGGCGAAAGCCGGATTAATACCGCATACGCC	-0.0960794427840285	-0.0464774278900838	0.0407007221273319
ATTGAACGCTGGCGGCATGCTTTACACATGCAAGTCGAACGGCAACGAGGAGAAGCTTGCTTCTCTGTCGGCGAGTGGCGAACGGGTGAGTATAGCATCGGAACGTGCCAAGTAGTGGGGGATAACCAAACGAAAGTTTGGCTAATACCG	-0.0744073136753261	0.0193341436403479	-0.0906690491634267
ATTGAACGCTGGCGGCATGCTTTACACATGCAAGTCGAACGGCAGCGAAGAGAAGCTTGCTTCTCTGTCGGCGAGTGGCGAACGGGTGAGTATAGCATCGGAACGTGCCAAGTAGTGGGGGATAACCAAACGAAAGTTTGGCTAATACCG	-0.0989628064105685	-0.0503359789776355	0.0079702352788391
ATTGAACGCTGGCGGCATGCTTTACACATGCAAGTCGAACGGCAGCGAGGAGAAGCTTGCTTCTCTGTCGGCGAGTGGCGAACGGGTGAGTATAGCATCGGAACGTGCCAAGTAGTGGGGGATAACCAAACGAAAGTTTGGCTAATACCG	-0.0979882166158789	0.0904385474504871	-0.1167008476404478
ATTGAACGCTGGCGGCATGCTTTACACATGCAAGTCGAACGGCAGCGGGGAGGAGCTTGCTTCTCTGCCGGCGAGTGGCGAACGGGTGAGTAATACATCGGAACGTGTCGAGAAGAGGGGGATAACCACCCGAAAGGGTGGCTAATACCG	-0.0307120479729179	-0.0085394283180414	-0.0117833207802743
ATTGAACGCTGGCGGCATGCTTTACACATGCAAGTCGGACGGCAGCACAGAGAAGCTTGCTTCTTGGGTGGCGAGTGGCGAACGGGTGAGTAACATATCGGAACGTACCGAGCAGTGGGGGATAACTAATCGAAAGATTAGCTAATACCG	-0.0213846506472969	-0.0278128391788784	-0.0747646477381855
ATTGAACGCTGGCGGCATGCTTTACACATGCAAGTCGGACGGCAGCACAGAGAAGCTTGCTTCTTGGGTGGCGAGTGGCGAACGGGTGAGTAACATATCGGAACGTACCGAGTAATGGGGGATAACTAATCGAAAGATTAGCTAATACCG	0.0570697964388114	-0.0141848865444836	-0.1161687980683437
ATTGAACGCTGGCGGCATGCTTTACACATGCAAGTCGGACGGCAGCACAGAGAAGCTTGCTTCTTGGGTGGCGAGTGGCGAACGGGTGAGTAATATATCGGAACGTACCGAGTAATGGGGGATAACTAATCGAAAGATTAGCTAATACCG	-0.0263160139489663	-0.0243688757820593	-0.0244081461084514
GACGAACGCTGGCGGCACGCTTAACACATGCAAGTCGAACGAGGTCCATCCACTCGCAAGAGTGGTGAAGACCTAGTGGCGAACGGGTGAGTAACACGTGAGAAACCTGCCCCGAAGACCGGGATAACTCACCGAAAGGTGAGCTAATAC	-0.0272959585756752	0.0154665348056465	-0.0492442912730155
GACGAACGCTGGCGGCGTGCCTAATACATGCAAGTAGAACGCTGAAGAGAGGAGCTTGCTCTTCTTGGATGAGTTGCGAACGGGTGAGTAACGCGTAGGTAACCTGCCTGGTAGCGGGGGATAACTATTGGAAACGATAGCTAATACCGC	-0.0565202427538986	-0.034705487613093	-0.0367850884246991
GACGAACGCTGGCGGCGTGCCTAATACATGCAAGTAGAACGCTGAAGAGAGGAGCTTGCTCTTCTTGGATGAGTTGCGAACGGGTGAGTAACGCGTAGGTAACCTGCCTTGTAGCGGGGGATAACTATTGGAAACGATAGCTAATACCGC	-0.1134465587624868	-0.0817572540230602	0.0396959519858572
GACGAACGCTGGCGGCGTGCCTAATACATGCAAGTAGAACGCTGAAGCTTGGTGCTTGCACCGAGCGGATGAGTTGCGAACGGGTGAGTAACGCGTAGGTAACCTGCCTGGTAGCGGGGGATAACTATTGGAAACGATAGCTAATACCGC	-0.098234450323253	-0.0239335990172241	0.0170159604590175
GACGAACGCTGGCGGCGTGCCTAATACATGCAAGTAGAACGCTGAAGGAAGGAGCTTGCTCTTTCCGGATGAGTTGCGAACGGGTGAGTAACGCGTAGGTAACCTGCCTGGTAGCGGGGGATAACTATTGGAAACGATAGCTAATACCGC	-0.028032109529471	0.0408096260034481	0.0012841121877715
GACGAACGCTGGCGGCGTGCCTAATACATGCAAGTAGAACGCTGAAGGAGGAGCTTGCTCTTCTGGATGAGTTGCGAACGGGTGAGTAACGCGTAGGTAACCTGCCTGGTAGCGGGGGATAACTATTGGAAACGATAGCTAATACCGCAT	-0.0227300168968823	0.0601022698696287	-0.0971349241221352
GACGAACGCTGGCGGCGTGCCTAATACATGCAAGTAGAACGCTGAAGGAGGAGCTTGCTCTTCTGGATGAGTTGCGAACGGGTGAGTAACGCGTAGGTAACCTGCCTGGTAGTGGGGGATAACTATTGGAAACGATAGCTAATACCGCAT	-0.0229287791864074	-0.0303010586742821	-0.0099931829307754
GACGAACGCTGGCGGCGTGCCTAATACATGCAAGTAGAACGCTGAAGGAGGAGCTTGCTTCTCCGGATGAGTTGCGAACGGGTGAGTAACGCGTAGGTAACCTGCCTGGTAGCGGGGGATAACTATTGGAAACGATAGCTAATACCGCAT	-0.0331037061966347	-0.0600080202912128	-0.0848326751446211
GACGAACGCTGGCGGCGTGCCTAATACATGCAAGTAGAACGCTGAAGGAGGAGCTTGCTTCTCTGGATGAGTTGCGAACGGGTGAGTAACGCGTAGGTAACCTGCCTGGTAGCGGGGGATAACTATTGGAAACGATAGCTAATACCGCAT	-0.0914968718904557	0.10012960068954	-0.0511621150913863
GACGAACGCTGGCGGCGTGCCTAATACATGCAAGTCGAACGAGAGCGACCGGTGCTTGCACTGGTCAATCTAGTGGCGAACGGGTGAGTAACACGTGGGTAACCTGCCCATCAGAGGGGGATAACATTCGGAAACGGATGCTAAAACCGC	-0.0473555667050179	-3.446152051652692e-05	-0.0330471608939987
GACGAACGCTGGCGGCGTGCCTAATACATGCAAGTCGAGCGAAGTTTTTCTGGTGCTTGCACCGGAAAAACTTAGCGGCGAACGGGTGAGTAACACGTAAAGAACCTGCCTCATAGACTGGGACAACTATTGGAAACGATAGCTAATACC	-0.0696370166634344	-0.0105392451811038	0.0249174221673132
GACGAACGCTGGCGGCGTGCCTAATACATGCAAGTCGAGCGAAGTTTTTCTGGTGCTTGCACTAGAAAAACTTAGCGGCGAACGGGTGAGTAACACGTAAAGAACCTGCCTCATAGACTGGGACAACTATTGGAAACGATAGCTAATACC	-0.1202021609942057	-0.0127746920476381	0.1008722419721313
GACGAACGCTGGCGGCGTGCCTAATACATGCAAGTCGAGCGAGCGGAACTAACAGATTTACTTCGGTAATGACGTTAGGAAAGCGAGCGGCGGATGGGTGAGTAACACGTGGGGAACCTGCCCCATAGTCTGGGATACCACTTGGAAACA	-0.0340542040240951	-0.0579502452339067	0.0066453438655307
GACGAACGCTGGCGGCGTGCCTAATACATGCAAGTCGAGCGAGTCTGCCTTGAAGATCGGAGTGCTTGCACTCTGTGAAACAAGATACAGGCTAGCGGCGGACGGGTGAGTAACACGTGGGTAACCTGCCCAAGAGATCGGGATAACACC	-0.0658415378593586	0.0079431957228004	-0.0059801356891179
GACGAACGCTGGCGGCGTGCTTAACACATGCAAGTCGAACGAAGAGCGACGGAAGCTTGCTTCTATCAATCTTAGTGGCGAACGGGTGAGTAACGCGTAATCAACCTGCCCTTCAGAGGGGGACAACAGTTGGAAACGACTGCTAATACC	-0.0327185104646906	0.1145513259715061	0.0425538861512006
GACGAACGCTGGCGGCGTGCTTAACACATGCAAGTCGAACGAAGAGCGATGGAAGCTTGCTTCTATCAATCTTAGTGGCGAACGGGTGAGTAACGCGTAATCAACCTGCCCTTCAGAGGGGGACAACAGTTGGAAACGACTGCTAATACC	-0.0304478578694391	0.0150894766916516	-0.0917004516002265
GACGAACGCTGGCGGCGTGCTTAACACATGCAAGTCGAACGATGAAGCCTAGCTTGCTAGGTGGATTAGTGGCGAACGGGTGAGTAATACGTGAGTAACCTACCTTTAACTCTGGGATAAGCCTGGGAAACTGGGTCTAATACCGGATAC	-0.0155530853711984	-0.0288834459713097	-0.0422915344962878
GACGAACGCTGGCGGCGTGCTTAACACATGCAAGTCGAACGATGAAGCCTAGCTTGCTAGGTGGATTAGTGGCGAACGGGTGAGTAATACGTGAGTGACCTACCTTTGACTCTGGGATAAGCCTGGGAAACTGGGTCTAATACCGGATAC	-0.0750377186689373	0.0155643622414918	0.007936254336443
GACGAACGCTGGCGGCGTGCTTAACACATGCAAGTCGAACGCTGAAGCTTGGTGCTTGCACTGGGTGGATGAGTGGCGAACGGGTGAGTAATACGTGAGTAACCTGCCCTTGACTCTGGGATAAGCCTGGGAAACTGGGTCTAATACTGG	-0.0940850578620848	-0.0811992013536167	0.0455897865819646
GACGAACGCTGGCGGCGTGCTTAACACATGCAAGTCGAACGGAAAGGCCAGTGCTTGCACTGGTACTCGAGTGGCGAACGGGTGAGTAACACGTGGGTGATCTGCCTTGCACTCTGGGATAAGCTTGGGAAACTGGGTCTAATACCGGAT	-0.0977006942095473	-0.0929589329143811	0.0099646897966204
GACGAACGCTGGCGGCGTGCTTAACACATGCAAGTCGAACGGAAAGGCCCCCTTGTGGGGTACTCGAGTGGCGAACGGGTGAGTAACACGTGAGTAACCTACCCTTGACTTTGGGATAACTTCAGGAAACTGGGGCTAATACCGGATAGG	-0.0654652808737144	-0.0563403406560878	-0.0333361084004065
GACGAACGCTGGCGGCGTGCTTAACACATGCAAGTCGAACGGAAAGGCCCTGCTTGCAGGGTACTCGAGTGGCGAACGGGTGAGTAACACGTGGGTGATCTGCCCTGCACTTCGGGATAAGCCTGGGAAACTGGGTCTAATACCGGATAG	-0.0423357765764631	0.0407971229771226	-0.0833713115389483
GACGAACGCTGGCGGCGTGCTTAACACATGCAAGTCGAACGGAAAGGCCCTGCTTGCAGGGTACTCGAGTGGCGAACGGGTGAGTAACACGTGGGTGATCTGCCCTGCACTTCGGGATAAGCTTGGGAAACTGGGTCTAATACCGGATAG	-0.0358445858869454	0.01310577144932	-0.0547423766113491
GACGAACGCTGGCGGCGTGCTTAACACATGCAAGTCGAACGGAAAGGCCCTGCTTTTGTGGGGTGCTCGAGTGGCGAACGGGTGAGTAACACGTGAGTAACCTGCCCTTGACTTTGGGATAACTTCAGGAAACTGGGGCTAATACCGGAT	-0.16657831953491	0.2186093739056539	-0.1075278421496251
GACGAACGCTGGCGGCGTGCTTAACACATGCAAGTCGAACGGAAAGGCCCTTCGGGGTACTCGAGTGGCGAACGGGTGAGTAACACGTGGGTGATCTGCCCTGCACTTTGGGATAAGCCTGGGAAACTGGGTCTAATACCGAATATGACC	-0.035121578911594	-0.0355610845181499	0.0164486453274982
GACGAACGCTGGCGGCGTGCTTAACACATGCAAGTCGAACGGAAAGGCTCCAGCTTGCTGGAGTACTCGAGTGGCGAACGGGTGAGTAACACGTGGGTAATCTGCCCTGCACTCTGGGATAAGCCTGGGAAACTGGGTCTAATACTGGAT	-0.1295238266727428	0.0661970221070415	-0.0333603664751668
GACGAACGCTGGCGGCGTGCTTAACACATGCAAGTCGAACGGAAAGGCTCCTTGCTTGCAAGGGGTACTCGAGTGGCGAACGGGTGAGTAACACGTGGGTGATCTGCCTTGCACTTCGGGATAAGCCTGGGAAACTGGGTCTAATACCGG	-0.0366040336368705	0.0307754161476406	-0.0352907880906432
GACGAACGCTGGCGGCGTGCTTAACACATGCAAGTCGAACGGACAGACAGAGAGCTTGCTCTCTTGAAGTTAGTGGCGAACGGGTGAGTAACGCGTAATCAACCTGCCCTTCAGAGGGGGATAACAACGGGAAACCGTTGCTAATACCGC	-0.0233151082001071	0.0154518154618942	-0.0277528197024031
GACGAACGCTGGCGGCGTGCTTAACACATGCAAGTCGAACGGTAAGGCCCCAGCTTGCTGGGGTACACGAGTGGCGAACGGGTGAGTAACACGTGGGTGACCTGCCCCGCACTTCGGGATAAGCCTGGGAAACTGGGTCTAATACCGGAT	-0.0660724741644081	-0.003178061011325	0.014078867884714
GACGAACGCTGGCGGCGTGCTTAACACATGCAAGTCGAACGGTAAGGCTCCAGCTTGCTGGGGTACACGAGTGGCGAACGGGTGAGTAACACGTGGGTGACCTGCCCTGCACTTCGGGATAAGCCTGGGAAACTGGGTCTAATACCGGAT	-0.0859068268113928	0.1275107478940436	0.0357768986864808
GACGAACGCTGGCGGCGTGCTTAACACATGCAAGTCGAACGGTGAAGCTCCAGCTTGCTGGAGTGGATCAGTGGCGAACGGGTGAGTAACACGTGAGCAACCTGCCCCTGACTCTGGAATAAGCGCTGGAAACGGCGTCTAATACTGGAT	-0.0331011250380216	0.0363162409915031	-0.0123477848068598
GACGAACGCTGGCGGCGTGCTTAACACATGCAAGTCGAACGGTGAAGGGATCAGCTTGCTGGTTCTGGATGAGTGGCGAACGGGTGAGTAACACGTGAGTAACCTGCCCCCTTCTTCTGGATAACCGCATGAAAGTGTGGCTAATACGGG	0.0064844479119158	0.0244193883918044	-0.0618231211536743
GACGAACGCTGGCGGCGTGCTTAACACATGCAAGTCGAGCGGAAAGGCCACTTCGGTGGTACTCGAGCGGCGAACGGGTGAGTAACACGTGAGTAATCTGCCCCTGGCTTCGGGATAGCCACCGGAAACGGTGATTAATACCGGATATGA	-0.0674787299380569	-0.0035752178863299	0.0299804865372384
GACGAACGCTGGCGGCGTGCTTAACACATGCAAGTCGAGCGGAAAGGCCCTTTCGGGGGTACTCGAGCGGCGAACGGGTGAGTAACACGTGAGTAATCTGCCCTTGGCTTCGGGATAGCCACCGGAAACGGTGATTAATACCGGATACGA	-0.0442279179699673	0.0624984348126444	0.0226686083600103
GACGAACGCTGGCGGCGTGCTTAACACATGCAAGTCGTACGGTAAGGCCCTTTCGGGGGTACACGAGTGGCGAACGGGTGAGTAACACGTGAGTAACCTGCCCACAACTTTGGGATAACGCTAGGAAACTGGTGCTAATACTGGATATGT	-0.0464082801041566	0.10021077022724	-0.102899393230205
GATGAACGCTAGCGATAGGCTTAACACATGCAAGTCGAGGGGCAGCATGGTCTTAGCTTGCTAAGACTGATGGCGACCGGCGCACGGGTGCGTAACGCGTATGCAACTTGCCTCACAGAGGGGGATAACCCGTCGAAAGACGGACTAATA	-0.0105252531989629	0.0579367237440785	-0.0724200362301332
GATGAACGCTAGCTACAGGCTTAACACATGCAAGTCGAGGGGAAACGGCATTGAGTGCTTGCACTCTTTGGACGTCGACCGGCGCACGGGTGAGTAACGCGTATCCAACCTTCCCATTACTGTGGGATAACCTGCCGAAAGGCAGACTAA	-0.0013721413118311	0.0346508128838972	-0.0887723021316173
GATGAACGCTAGCTACAGGCTTAACACATGCAAGTCGAGGGGCAGCATGGAAGAAGCTTGCTTCTTCTGATGGCGACCGGCGCACGGGTGCGTAACGCGTATCAAACCTGCCTCATACTCGGGGATAGCCTTGCGAAAGTAAGATTAATA	-0.0564142632012255	0.1609421749617033	-0.0098432274135971
GATGAACGCTAGCTACAGGCTTAACACATGCAAGTCGAGGGGCAGCATGTTGGTTGCTTGCAACCAATGATGGCGACCGGCGCACGGGTGAGTAACGCGTATCCAACCTACCCAATACTCAGGCATAACCCGTTGAAAGACGGACTAATT	-0.028474316998906	-0.0834517981178667	-0.0156374615388162
GATGAACGCTGGCGGCGTGCCTAATACATGCAAGTAGAACGCTGAAGCTTGGTGCTTGCACCGAGCGGATGAGTTGCGAACGGGTGAGTAACGCGTAGGTAACCTGCCTCTTAGCGGGGGATAACTATTGGAAACGATAGCTAATACCGC	-0.0106378745771666	-0.0138727358454508	-0.0601883966191545
GATGAACGCTGGCGGCGTGCCTAATACATGCAAGTCGAGCGAACAGACGAGGAGCTTGCTCCTCTGACGTTAGCGGCGGACGGGTGAGTAACACGTGGATAACCTACCTATAAGACTGGGATAACTTCGGGAAACCGGAGCTAATACCGG	-0.1316533348519356	-0.1089586618049914	-0.0899391566817138
GATGAACGCTGGCGGCGTGCCTAATACATGCAAGTCGAGCGAACAGACGAGGAGCTTGCTCCTCTGACGTTAGCGGTGGACGGGTGAGTAACACGTGGATAACCTACCTATAAGACTGGGATAACTTCGGGAAACCGGAGCTAATACCGG	-0.0010707464499614	0.0187627482758321	-0.0475222181935329
GATGAACGCTGGCGGCGTGCCTAATACATGCAAGTCGAGCGAACAGACGAGGAGCTTGCTCCTCTGATGTTAGCGGCGGACGGGTGAGTAACACGTGGATAACCTACCTATAAGACTGGGATAACTTCGGGAAACCGGAGCTAATACCGG	-0.0155427013745406	-0.0063458092004193	-0.0573530012712924
GATGAACGCTGGCGGCGTGCCTAATACATGCAAGTCGAGCGAACAGACGAGGAGCTTGCTCCTTTGACGTTAGCGGCGGACGGGTGAGTAACACGTGGATAACCTACCTATAAGACTGGGATAACTTCGGGAAACCGGAGCTAATACCGG	-0.0679467899734193	-0.0540230956849105	0.0283762388663849
GATGAACGCTGGCGGCGTGCCTAATACATGCAAGTCGAGCGAACAGATGAGGAGCTTGCTCCTCTGACGTTAGCGGCGGACGGGTGAGTAACACGTGGATAACCTACCTATAAGACTGGGATAACTTCGGGAAACCGGAGCTAATACCGG	-0.0243312204105259	-0.0090752992311218	-0.0277582935088026
GATGAACGCTGGCGGCGTGCTTAACACATGCAAGTCGAACGATGAAGCCCAGCTTGCTGGGTGGATTAGTGGCGAACGGGTGAGTAACACGTGAGTAACCTGCCCTTAACTCTGGGATAAGCCTGGGAAACTGGGTCTAATACCGGATAG	-0.0566331035525116	0.0784705944093606	-0.0516336206266706
GATGAACGCTGGCGGCGTGCTTAACACATGCAAGTCGAACGGAAAGGCCACAGCTTGCTGTGGTACTCGAGTGGCGAACGGGTGAGTAACACGTGGGTGATCTGCCCTGTACTTCGGGATAAGCTTGGGAAACTGGGTCTAATACCGGAT	-0.0522958813679017	-0.0489376697678761	0.0197782443088784
GATGAACGCTGGCGGCGTGCTTAACACATGCAAGTCGAACGGAAAGGCCAGTGCTTGCACTGGTACTCGAGTGGCGAACGGGTGAGTAACACGTGGGTGATCTGCCCTGCACTTCGGGATAAGCCTGGGAAACTGGGTCTAATACCGGAT	-0.0859738799397182	-0.0232852373910599	0.0568643762067312
GATGAACGCTGGCGGCGTGCTTAACACATGCAAGTCGAACGGAAAGGCCCAAGCTTGCTTGGGTACTCGAGTGGCGAACGGGTGAGTAACACGTGGGTGATCTGCCCTGCACTTCGGGATAAGCCTGGGAAACTGGGTCTAATACCGGAT	-0.0701227521032554	0.0297621507574695	0.0135780044083498
GATGAACGCTGGCGGCGTGCTTAACACATGCAAGTCGAACGGAAAGGCCGAAGCTTGCTTCGGTACTCGAGTGGCGAACGGGTGAGTAACACGTGGGTGATCTGCCCTGTACTTCGGGATAAGCTTGGGAAACTGGGTCTAATACCGGAT	0.053710096968644	0.0741453937088693	-0.0738825123682084
GATGAACGCTGGCGGCGTGCTTAACACATGCAAGTCGAACGGAAAGGCTCCTGCTTGCAGGGGTACTCGAGTGGCGAACGGGTGAGTAACACGTGGGTGATCTGCCCTGCACTTCGGGATAAGCCTGGGAAACTGGGTCTAATACCGGAT	-0.0242670569601898	-0.049923039790512	-0.0124864051163056
GATTAACGCTGGCGGCGTGCATAACACATGCAAGTCGAACGATGAAACTTAGTAGACTTCTTCGGAAAGACACTAAGCGGATTAGTGGCGAACGGGTGAGTAACGCGTGAGTAACCTGCCTTACACAAGGGGATAGCCTTTGGAAACGAA	-0.0017634921211113	-0.0269818718581163	-0.0516408841806943
