Genus,Consensus ASV,group
Abiotrophia,GACAAACGCTGGCGGCGTGCCTAATACATGCAAGTCGAACGAACCGCGACTGAGTGCTTGCACTTGGTCAAGGTGAGTGGCGAACGGGTGAGTAACACGTGGGTAACCTACCTCATAGTGGGGGATAACAGTCGGAAACGACTGCTAATA,V4 unique
Actinomyces,CACGTAGGGCGCGAGCGTTGTCCGGAATTATTGGGCGTAAAGGGCTCGTAGGCGGTTTGTCGCGTCTAGCGTTTAAGGCTCGGGCTTAACCCGGGTTTGCGTTGGGTACGGGCAGGCTTGAGTGCGGTAGGGGTAACTGGAATTCCTGGT,Shared
Aerococcus,GACGAACGCTGGCGGCACGCCTAATACATGCAAGTCGAGCGAACAGATGAAGTGCTTGCACTTCTGACGTTAGCGGCGAACGGGTGAGTAACACGTAAGGAATCTACCTATAAGCGGGGGATAACATTCGGAAACGGGTGCTAATACCGC,V4 unique
Aeromonas,ATTGAACGCTGGCGGCAGGCCTAACACATGCAAGCCGAGCGGCAGCGGGAAAGTAGCTTGCTACTTTTGCCGGCGAGCGGCGGACGGGTGAGTAATGCCTGGGAAATTGCCCAGTCGAGGGGGATAACAGTTGGAAACGACTGCTAATAC,V4 unique
Aggregatibacter,ATTGAACGCTGGCGGCAGGCTTAACACATGCAAGTCGAACGGTAACAGGTAAGTACTTGTACTTATGCTGACGAGTGGCGGACGGGTGAGTAATGCTTGGGGATCTGGCTTATGGAGGGGGATAACGACGGGAAACTGTCGCTAATACCG,V4 unique
Alloiococcus,GACGAACGCCGGCGGCATGCCTAATACATGCAAGTCGAACGCCAAATCTTCCTGCTTGCAGGAAGAGGCGGAGTGGCGAACGGGTGAGTAACACGTGAGGAACTTGCCCATAAGAGGGGGATAACACCCGGAAACGGGTGCTAATACCGC,V4 unique
Alloprevotella,GACGAACGCTAGCTACAGGCTTAACACATGCAAGTCGAGGGGCAGCATGGAAGAAGCTTGCTTCTTCTGATGGCGACCGGCGCACGGGTGCGTAACGCGTATCAAACCTGCCTCATACTCGGGGATAGCCTTGCGAAAGTAAGATTAATA,Shared
Anaerococcus,GACGAACGCTGGCGGCGTGCATAACACATGCAAGTCGAACGATGAAACTCATTAGACTTCTTCGGAAAGACAATGAATGGATTAGTGGCGAACGGGTGAGTAACGCGTGAGTAACCTGCCTTACACAAGGGGATAGCCTCTGGAAACGGA,Shared
Atopobium,GACGAACGCTGGCGGCGCGCCTAACACATGCAAGTCGAACGGTTAAAGCATCTTCGGATGTGTATAAAGTGGCGAACGGCTGAGTAACACGTGGGCAACCTGCCCTTTGCACTGGGATAGCCTCGGGAAACCGAGGTTAATACCGGATAC,V4 unique
Bifidobacterium,GATGAACGCTGGCGGCGTGCTTAACACATGCAAGTCGAACGGGATCCATCAAGCTTGCTTGGTGGTGAGAGTGGCGAACGGGTGAGTAAGGCGTGACCGACCTGCCCCATACACCGGAATAGCTCCTGGAAACGGGTGGTAATGCCGGAT,V4 unique
Blautia,GACGAACGCTGGCGGCGTGCTTAACACATGCAAGTCGAACGGGAATTACTTTATTGAAACTTCGGTCGATTTAATTTAATTCTAGTGGCGGACGGGGGAGTAACGCGTGGGTAACCTGCCTTGTACAGGGGGATAACAGTTGGAAACGGC,V4 unique
Brachybacterium,GACGAACGCTGCGGCGTGCTTAACACATGCAAGTCGAACGATGACGGTGGTGCTTGCACCGCCTGATTAGTGGCGAACGGGTGAGTAACACGTGAGTAACCTGCCCTCCACTTCGGGATAACCTCGGGAAATCGTGGCTAATACCGGATA,V4 unique
Bradyrhizobium,AGCGAACGCTGGCGGCAGGCTTAACACATGCAAGTCGAGCGGGCATAGCAATATGTCAGCGGCAGACGGGTGAGTAACGCGTGGGAACGTACCTTTTGGTTCGGAACAACACAGGGAAACGTGTGCTAATACCGGATAAGCCCTTACGGG,V4 unique
Brevibacterium,CACGTAGGGTACAAGCGTTGTCCGGAATTATTGGGCGTAAAGAGCTCGTAGGTGGTCTGTCACGTCTGCTGTGGAAACGCAAGGCTCAACCTTGCGCGTGCAGTGGGTACGGGCGGACTAGAGTGCAGTAGGGGAGTCTGGAATTCCTGG,Shared
Brevundimonas,AGCGAACGCTGGCGGCAGGCCTAACACATGCAAGTCGAACGAACCTTTCGGGGTTAGTGGCGGACGGGTGAGGAACACGTGGGAACGTGCCTTTAGGTTCGGAATAACTCAGGGAAACTTGTGCTAATACCGAATGTGCCCTTCGGGGGA,Shared
Capnocytophaga,GACGAACGCTAGCGGCAGGCCTAACACATGCAAGTCGAGGGGGAGGTTACTTTCGGGTGACTGAGACCGGCGTACGGGTGCGTAACGCGTATACAATCTGCCTTTCACTGGGGGATAGCCCGAAGAAATTTGGATTAATACCCCATAGTA,V4 unique
Caulobacter,AGCGAACACTGGCGGCAGGCCTAACACATGCAAGTCGAACGGATCCTTCGGGATTAGTGGCGGACGGGTGAGTAACACGGGGGAACGTGCCCTTTGGTTCGGAACAACTCAGGGAAACTTGAGCTAATACCGGATGTGCCCTTCGGGGGA,Shared
Chryseobacterium,GACGAACGCTAGCGGGAGGCCTAACACATGCAAGCCGAGCGGTATTTGTTCTTCGGAACAGAGAGAGCGGCGCACGGGTGCGGAACACGTGTGCAACCTGCCTTTATCTGGGGGATAGCCTTTCGAAAGGAAGATTAATACCCCATAATA,V4 unique
Corynebacterium,AACGAACGCTGGCGGCGTGCTTAACACATGCAAGTCGAACGGAAAGGCCCTGCTTGCAGGGTACTCGAGTGGCGACCGGGTGAGTAACACGTGGGTGATCTGCCCTGCACTTCGGGATAAGCCTGGAAACTGGGTCTAATACCGGATAGG,Shared
Cutibacterium,AACGAACGCTGGCGGCAGGCTTAACACATGCAAGTCGAACGCGTGTAGCAATACACGAGTGGCGAACGGGTGAGTAACACGTGAGTAACCTGCCCTTGACTTTGGGATAACTTCAGGAAACTGGGGCTAATACCGGATAGGAGCTCCTGC,Shared
Dolosigranulum,GACGAACGCTGGCGGCATGCCTAATACACGCAAGTCGAACGATGATATCACTGCTTGCAGTGATTGATTAGTGGCGAACGGGTGAGTAACACGTGAGGAACTTGCCCATGAGCGGGGGACAACATTCGGAAACGGATGCTAATACCCCAT,V4 unique
Empedobacter,GACGAACGCTGGCGGCGTGCTTAACACATGCAAGCCGAGGGGTATAGTTCTTTCGGGAACTAGAGACCGGCGCACGGGTGCGTAACGCGTATGCAACTTGCCCTACTGAAAAGGATAGCCCTTCGAAAGGAGGATTAATACTTTATAACA,V4 unique
Enhydrobacter,AATGAACGCTGGCGGCAGGCTTAACACATGCAAGTCGAACGATGATTATCTAGCTTGCTAGTTATGATTAGTGGCGGACGGGTGAGTAACATTTAGGAATCTGCCTAGTAGTGGGGGATAGCTCGGGGAAACTCGAATTAATACCGCATA,V4 unique
Fenollaria,GACGAACGCTGCGGCGTGCTTAACACATGCAAGTCGAACGATGAAACAGATCTTGATGTCTTCGGACTGATTGAACTGTGGATTAGTGGCGGACGGGTGAGTAACGCGTGAGCAATCTGCCTTACACAAAGGGATAGCCTCGGGAAACCG,V4 unique
Finegoldia,GACGAACGCTGGCCGCGTGCTTAACACATGCAAGTCGAACGGGATTTAGTAGACAGAAACCTCGGTGGAAGATTACTAATGAGAGTGGCGAACGGGTGAGTAACGCGTGAGCAACCTGCCTATGACAGTGGGATAGCCTCGGGAAACCGG,V4 unique
Frederiksenia,ATTGAACGCTGGCGGCAGGCTTAACACATGCAAGTCGAACGGTAGCACAGAGGAGCTTGCTCCTTGGGTGACGAGTGGCGGACGGGTGAGTAATGCTTGGGAATCTAGCTTATGGAGGGGGATAACTACGGGAAACTGTAGCTAATACCG,V4 unique
Fusobacterium,AATGAACGCTGACAGAATGCTTAACACATGCAAGTCAACTTGAACTTCGGTTTGGGTGGCGGACGGGTGAGTAACGCGTAAAGAACTTGCCTCACAGATAGGGACAACATTTGGAAACGAATGCTAATACCTGATATTATGATTTTAGGG,V4 unique
Gardnerella,GACGAACGCTGGCGGCGTGCTTAACACATGCAAGTCGAACGGGATCTGACCAGCTTGCTGGTTGGTGAGAGTGGCGAACGGGTGAGTAATGCGTGACCAACCTGCCCCATGCTCCAGAATAGCTCTTGGAAACGGGTGGTAATGCTGGAT,V4 unique
Gemella,GACGAACACTGGTGGCGTGCCTAATACATGCAAGTCGAGCGAAGTTTTTCTGGTGCTTGCACTAGAAAAACTTAGCGGCGAACGGGTGAGTAACACGTAAAGAACCTGCCTTATAGACTGGGACAACTATTGGAAACGATAGCTAATACC,Shared
Geobacillus,GACGAACGCTGGCGGCGCGCCTAATACATGCAAGTCGAGCGGACCGAACGGGAGCTTGCTTCTGTTCGGTTAGCGGCGGACGGGTGAGTAACACGTGGGTAACCTGCCCGTAAGACCGGGATAACTCCGGGAAACCGGGGCTAATACCGG,V4 unique
Haemophilus,ATCGAACGCTGGCGGCAGGCTTAACACATGCAAGTCGAGCGGTAACATAAAGGAGCTTGCTTCTTTGATGACGAGTGGCGGACGGGTGAGTAATGCTTGGGAATCTAGCTTATGGAGGGGGATAACTACGGGAAACTGTAGCTAATACCG,Shared
Janibacter,GACGAACGCTGGCGGCGTGCTTAACACATGCAAGTCGAACGGCGAAGCTCCAAGCTTGCTTGGGGTGGATCAGTGGCGAACGGGTGAGTAACACGTGAGCAACCTGCCCCAGACTCTGGAATAAGCGCTGGAAACGGCGTCTAATACTGG,V1-V3 unique
Jeotgalicoccus,GACGAACGCTGGCGGCGTGCCTAATACATGCAAGTCGAGCGCGAAGACCAGGAGCTTGCTCCTGAGATTCGAGCGGCGGACGGGTGAGTAACACGTAGGCAACCTACCCTTGAGATTGGGATAACTACCGGAAACGGTAGCTAATACCGG,V4 unique
Kocuria,CACGTAGGGCGCAAGCGTTGTCCGGAATTATTGGGCGTAAAGAGCTCGTAGGCGGTTTGTCGCGTCTGCTGTGAAAGCCCGGGGCTTAACCCCGGGTGTGCAGTGGGTACGGGCAGACTTGAGTGCAGTAGGGGAGACTGGAATTCCTGG,Shared
Lactobacillus,CACGTAGGTGGCAAGCGTTGTCCGGATTTATTGGGCGTAAAGCGAGCGCAGGCGGTTTCTTAAGTCTGATGTGAAAGCCTTCGGCTCAACCGAAGAAGTGCATCGGAAACTGGGAAACTTGAGTGCAGAAGAGGACAGTGGAACTCCATG,Shared
Lactococcus,GACGAACGCTGGCGGCGCGCCTAATACATGCAAGTTGAGCGATGAAGATTGGTGCTTGCACCAATTTGAAGAGCAGCGAACGGGTGAGTAACGCGTGGGGAATCTGCCTTTGAGCGGGGGACAACATTTGGAAACGAATGCTAATACCGC,V4 unique
Lawsonella,ACGAACGCTGGCGGCGTGCTTAACACATGCAAGTCGAACGGAAAGGCTCCAGCTTGCTGGAGTACTCGAGTGGCGAACGGGTGAGTAACACGTGGGTAATCTGCCCTGCACTCTGGGATAAGCCTGGGAAACTGGGTCTAATACTGGATA,Shared
Leptotrichia,AACGTATGTCGCGAGCGTTATCCGGAATTATTGGGCATAAAGGGCATCTAGGCGGCCGGGTAAGTCCGGGGTGAAAACTGCTGGCTCAACCAGCAGCCTGCCTTGGAAACTACCCGGCTGGAGTGCTGGAGAGGTGGACGGAACTGCACG,V4 unique
Leuconostoc,GACGAACGCTGGCGGCGTGCCTAATACATGCAAGTCGAACGCACAGCGACAGGTGCTTGCACCTTTCAAGTGAGTGGCGAACGGGTGAGTAACACGTGGACAACCTGCCTCAAGGCTGGGGATAACATTTGGAAACAGATGCTAATACCG,V4 unique
Limnobacter,AACGAACGCTGGCGGCATGCCTTACACATGCAAGTCGAACGGTAACAGGTCTTCGGATGCTGACGAGTGGCGAACGGGTGAGTAATACATCGGAACGTGCCCAGTAATGGGGGATAGCTCGGCGAAAGCCGGATTAATACCGCATACGCC,Shared
Luteimonas,AGTGAACGCTGGCGGCAGGCCTAACACATGCAAGTCGAACGGCAGCACAAGGGAGCTTGCTCCCTGGGTGGCGAGTGGCGGACGGGTGAGGAATACGTCGGAATCTGCCTATTTGTGGGGGATAACCTCGGGAAACCGGGACTAATACCG,V4 unique
Lysobacter,AGCGAACGCTGGCGGCAGGCCTAACACATGCAAGTCGAGCGGCAGCGGGTCCTTCGGGATGCCGGCGAGCGGCGGACGGGTGAGGAATGCGTCGGAATCTGCCTTTTTGTGGGGGATAACGTAGGGAAACTTACGCTAATACCGCATACG,Shared
Marinomonas,ATTGAACGCTGGCGGCAGGCTTAACACACGCAAGTCGAGCGGAAACGATGTAGCTTGCTACAGGCGTCGAGCGGCGGACGGGTGAGTAACGCGTAGGAATCTGCCTAGTAGTGGGGGACAACATGTGGAAACGCATGCTAATACCGCATA,V4 unique
Massilia,ACTGAACGCTGGCGGCATGCTTTACACATGCAAGTCGAACGGCAGCACGGGCTTCGGCCTGGTGGCGAGTGGCGAACGGGTGAGTAATACATCGGAACGTACCCAGAAGTGGGGGATAACGCAGCGAAAGTTGCGCTAATACCGCATACG,V4 unique
Micrococcus,ATTGAACGCTGGCGGCATGCTTTACACATGCAAGTCGAACGATGAAGCCCAGCTTGCTGGGTGGATTAGTGGCGAACGGGTGAGTAACACGTGAGTAACCTGCCCTTAACTCTGGGATAAGCCTGGGAAACTGGGTCTAATACCGGATAG,Shared
Moraxella,ATTGAACGCCGGCGGCAGGCTTAACACATGCAAGTCGAACGGAAGTTACTAGCTTGCTAGTAACTTTAGTGGCGAACGGGTGAGTAATATTTAGGAATCTGCCTCATAACGGGGGATAGCTCGGGGAAACTCGAATTAATACCGCATACA,V4 unique
Mycobacterium,GACGAACACTGGCGGCGTGCTTAACACATGCAAGTCGAACGGAAAGGCCCTTCGGGGTGCTCGAGTGGCGAACGGGTGAGTAACACGTGGGTGATCTGCCCTGCACTTTGGGATAAGCCTGGGAAACTGGGTCTAATACCGAATAGGACT,V1-V3 unique
Neisseria,AACGAACGCTGGCGGCAGGCCTAACACATGCAAGTCGGACGGCAGCACAGAGAAGCTTGCTTCTTGGGTGGCGAGTGGCGAACGGGTGAGTAACATATCGGAACGTACCGAGCAGTGGGGGATAACTAATCGAAAGATTAGCTAATACCG,Shared
Nocardioides,ATTGAACGCTGGCGGCGTGCTTAACACATGCAAGTCGAGCGGAAAGGCCACTTCGGTGGTACTCGAGCGGCGAACGGGTGAGTAACACGTGGGTAATCTGCCCCTGGCTTCGGGATAGCCACCGGAAACGGTGATTAATACCGGATATGA,Shared
Pantoea,ACTGAACGCTGGCGGCAGGCCTAACACATGCAAGTCGGACGGTAGCACAGAGAGCTTGCTCTTGGGTGACGAGTGGCGGACGGGTGAGTAATGTCTGGGGATCTGCCCGATAGAGGGGGATAACCACTGGAAACGGTGGCTAATACCGCA,V4 unique
Paracoccus,AACGAACACTGGCGGCAGGCCTAACACATGCAAGTCGAGCGAGATCTTCGGATCTAGCGGCGGACGGGTGAGTAACGCGTGGGAATATGCCCTTCTCTACGGAATAGCCTCGGGAAACTGGGAGTAATACCGTATACGCCCTTTGGGGGA,Shared
Peptoniphilus,CACGTAGGGGGCTAGCGTTGTCCGGAATCACTGGGCGTAAAGGGTTCGCAGGCGGAAATGCAAGTCAGGTGTAAAAGGCAGTAGCTTAACTACTGTAAGCATTTGAAACTGCATATCTTGAGAAGAGTAGAGGTAAGTGGAATTTTTAGC,V4 unique
Peptostreptococcus,GACGAACGCTGGCGGCGTGCCTAACACATGCAAGTCGAGCGAGGGTTTGCTCAGTATTGAGTATTCTAAGTCTAGAATGTTCAATTCTGAGCAAAACCAAGCGGCGGACGGGTGAGTAACGCGTGGGTAACCTGCCCTATACACATGGAT,V4 unique
Phenylobacterium,AGCGAACGCTGGCAGCAGGCCTAATACATGCAAGTCGAACGGCTCTTCGGAGCAGTGGCGGACGGGTGAGTAACGCGTGGGAATGTGCCCTTTGGTACGGAACAACACAGGGAAACTTGTGCTAATACCGTATGTGCCCTTCGGGGGAAA,Shared
Porphyromonas,GACGAACGCTAGCGATAGGCTTAACACATGCAAGTCGAGGGGCAGCATAGAGTCAGCTTGCTGATTTGGATGGCGACCGGCGGATGGGTGCGTAACGCGTATGCAACTTACCTGTCAGAGGGGGATAACCCGGAGAAATTCGGACTAATA,Shared
Prevotella,AACGGAAGGTCCGGGCGTTATCCGGATTTATTGGGTTTAAAGGGAGCGTAGGCCGTGGATTAAGCGTGTTGTGAAATGCAGGTGCTCAACGTCTGCACTGCAGCGCGAACTGGTTCACTTGAGTGTGCGCAACGCAGGCGGAATTCGTCG,Shared
Pseudomonas,ACTGAACGCTGGCGGCAGGCCTAACACATGCAAGTCGAGCGGATGCCGGGAGCTTGCTCCTGGATTCAGCGGCGGACGGGTGAGTAATGCCTAGGAATCTGCCTGGTAGTGGGGGACAACGTTTCGAAAGGAACGCTAATACCGCATACG,Shared
Psychrobacter,ATTGAACGCCGGCGGCAGGCTTAACACATGCAAGTCGAGCGGAAACGATGATAGCTTGCTATCAGGCGTCGAGCGGCGGACGGGTGAGTAATACTTAGGAATCTACCTAGTAGTGGGGGATAGCACGGGGAAACTCGTATTAATACCGCA,V4 unique
Reyranella,AACGAACGCTGACGGCAGGCTTAACACATGCAAGTCGAACGCGTGTAGCAATACACGAGTGGCGCACGGGTGAGTAACGCGTGGATATCTGCCTTTTGGTTCGGAATAACCCCGGGAAACTGGGGCTAATACCGGATGGTTCCTTCGGGA,V1-V3 unique
Rothia,AACGAACGCTGGCGGCGTGCTTAACACATGCAAGTCGAACGATGAAGCCCAGCTTGCTGGGCGGATTAGTGGCGAACGGGTGAGTAATACGTGAGTAACCTGCCTTTAACTCTGGGATAAGCCTTGGAAACGGGGTCTAATACCGGATAC,Shared
Sphingopyxis,AACGAACACTGGCGGCATGCCTAACACATGCAAGTCGAACGAACTCTTCGGAGTTAGTGGCGCACGGGTGCGTAACGCGTGGGAATCTGCCCTTGGGTACGGAATAACTCAGAGAAATTTGTGCTAATACCGTATAATGTCTTCGGACCA,Shared
Staphylococcus,ATTGAACGCTGGCGGCGTGCCTAATACATGCAAGTCGAGCGAACAGACGAGGAGCTTGCTCCTCTGACGTTAGCGGCGGACGGGTGAGTAACACGTGGATAACCTACCTATAAGACTGGGATAACTTCGGGAAACCGGAGCTAATACCGG,Shared
Stenotrophomonas,AGTGAACGCTGGCGGTAGGCCTAACACATGCAAGTCGAACGGCAGCACAGAGGAGCTTGCTCCTTGGGTGGCGAGTAGCGGACGGGTGAGGAATACATCGGAATCTACTCTGTCGTGGGGGATAACGTAGGGAAACTTACGCTAATACCG,V4 unique
Streptococcus,AACGAACGCTGGCGGCGTGCCTAATACATGCAAGTAGAACGCACAGTTTATACCGTAGCTTGCTACACCATAAATTGTGAGTTGCGAACGGGTGAGTAACGCGTAGGTAACCTGCCTGGTAGCGGGGGATAACTATTGGAAACGATAGCT,Shared
Thermus,GGTGAACGCTGGCGGCGTGCCTAAGACATACAAGTCGAGCGGGCCGCGGGGTTTTACTCCGTGGTCAGCGGCGGACGGGTGAGTAACGCGTGGGTGACCTACCCGGAAGAGGGGGACAACCCGGGGAAACTCGGGCTAATCCCCCATGTG,Shared
Turicella,GACGAACGCTGGCGGCGTGCTTAACACATGCAAGTCAAATGGAAAGGCCTGCTTTCCCTTGTGGATTGCGGGTGCTCGAGTGGCGAACGGGTGAGTAACACGTGAGTGATCTGCCCCCAACTTGGGTATAAGCCTGGGAAACTGGGTCTA,V4 unique
Veillonella,CACGTAGGTGGCAAGCGTTGTCCGGAATTATTGGGCGTAAAGCGCGCGCAGGCGGATAGGTCAGTCTGTCTTAAAAGTTCGGGGCTTAACCCCGCGATGGGATGGAAACTGCCAATCTAGAGTATCGGAGAGGAAAGTGGAATTCCTAGT,Shared
Vibrio,TACGGAGGGTGCAAGCGTTAATCGGAATTACTGGGCGTAAAGCGCATGCAGGTGGTTTGTTAAGTCAGATGTGAAAGCCCTGGGCTCAACCTAGGAATCGCATTTGAAACTGACAAGCTAGAGTATTGTAGAGGGGGGTAGAATTTCAGG,V4 unique
uncultured,AACGAACGCTGGCGGCAGGCCTAACACATGCAAGTCGAACGCCCTAGCAATAGGGAGTGGCAGACGGGTGAGTAACACGTGGGAACGTGCCCTTCGGTTCGGAATAACTCAGGGAAACTTGAGCTAATACCGGATACGTGCGAGAGCAGA,Shared
